date,close,daily_return
2020-01-02 00:00:00,43.51210403442383,
2020-01-03 00:00:00,43.15484619140625,-0.008210539364746361
2020-01-06 00:00:00,42.86906051635742,-0.006622330984132674
2020-01-07 00:00:00,42.797607421875,-0.0016667753765016169
2020-01-08 00:00:00,42.36891555786133,-0.01001672499557893
2020-01-09 00:00:00,42.76187896728516,0.009274804517646507
2020-01-10 00:00:00,42.76187896728516,0
2020-01-13 00:00:00,42.83332824707031,0.0016708638981886015
2020-01-14 00:00:00,42.6904296875,-0.0033361535378724216
2020-01-15 00:00:00,42.72615814208984,0.0008369195356283665
2020-01-16 00:00:00,42.797607421875,0.0016722608091173097
2020-01-17 00:00:00,42.97623062133789,0.004173672553751118
2020-01-20 00:00:00,42.83332824707031,-0.003325149092918034
2020-01-21 00:00:00,42.26174545288086,-0.01334434697421738
2020-01-22 00:00:00,42.36891555786133,0.0025358655642833128
2020-01-23 00:00:00,42.11885070800781,-0.005902082849206125
2020-01-24 00:00:00,41.97595977783203,-0.003392564796375508
2020-01-29 00:00:00,41.11856842041016,-0.020425771369131707
2020-01-30 00:00:00,40.51125717163086,-0.014769756635735654
2020-01-31 00:00:00,40.618431091308594,0.0026455342825744133
2020-02-03 00:00:00,40.36835861206055,-0.006156625761489787
2020-02-04 00:00:00,40.43981552124024,0.0017701217398109481
2020-02-05 00:00:00,40.582706451416016,0.0035334219094229624
2020-02-06 00:00:00,41.36863708496094,0.019366146377787885
2020-02-07 00:00:00,41.29718780517578,-0.0017271364207241957
2020-02-10 00:00:00,41.511531829833984,0.005190281373864902
2020-02-11 00:00:00,41.90449523925781,0.009466367346661286
2020-02-12 00:00:00,42.40464401245117,0.011935444403702089
2020-02-13 00:00:00,42.4760856628418,0.001684760055281842
2020-02-14 00:00:00,42.61899185180664,0.0033643916743923974
2020-02-17 00:00:00,42.44036483764648,-0.004191253861219435
2020-02-18 00:00:00,41.26146697998047,-0.027777750313311977
2020-02-19 00:00:00,40.72560501098633,-0.012986982970191852
2020-02-20 00:00:00,40.582706451416016,-0.003508813669723554
2020-02-21 00:00:00,40.47553634643555,-0.0026407825980943045
2020-02-24 00:00:00,40.36835861206055,-0.0026479632896684313
2020-02-25 00:00:00,40.04684448242188,-0.007964508359837308
2020-02-26 00:00:00,39.7253303527832,-0.008028451025143934
2020-02-27 00:00:00,38.867942810058594,-0.021582892706253798
2020-02-28 00:00:00,37.97484588623047,-0.022977725582044473
2020-03-02 00:00:00,37.72477340698242,-0.006585213801716061
2020-03-03 00:00:00,37.546142578125,-0.004735106740875961
2020-03-04 00:00:00,36.68876266479492,-0.022835366151025105
2020-03-05 00:00:00,37.01028823852539,0.008763598180403953
2020-03-06 00:00:00,36.18862533569336,-0.022200932279601404
2020-03-09 00:00:00,34.83111953735352,-0.03751194707583738
2020-03-10 00:00:00,34.93828582763672,0.0030767397576259015
2020-03-11 00:00:00,34.75965881347656,-0.005112643907070558
2020-03-12 00:00:00,33.330692291259766,-0.04110991220842408
2020-03-13 00:00:00,32.65193557739258,-0.02036431490638968
2020-03-16 00:00:00,31.29441261291504,-0.04157557401949108
2020-03-17 00:00:00,32.11606979370117,0.02625571506803226
2020-03-18 00:00:00,31.83026695251465,-0.008899060284224936
2020-03-19 00:00:00,31.865991592407227,0.0011223481080404607
2020-03-20 00:00:00,33.58076095581055,0.053811894051083
2020-03-23 00:00:00,31.58020782470703,-0.059574383491073246
2020-03-24 00:00:00,32.223243713378906,0.02036199040364739
2020-03-25 00:00:00,33.08061981201172,0.026607380258146796
2020-03-26 00:00:00,32.65193557739258,-0.012958772751394565
2020-03-27 00:00:00,32.43758773803711,-0.0065646288823342225
2020-03-30 00:00:00,31.79454803466797,-0.019823906406427838
2020-03-31 00:00:00,31.544479370117188,-0.007865142925702617
2020-04-01 00:00:00,28.54364585876465,-0.09513022789640013
2020-04-02 00:00:00,27.793441772460938,-0.02628270018538481
2020-04-03 00:00:00,27.078956604003903,-0.025706969806272073
2020-04-06 00:00:00,27.829164505004883,0.027704461141979664
2020-04-07 00:00:00,28.68654441833496,0.030808683213464194
2020-04-08 00:00:00,28.507923126220703,-0.006226657679971104
2020-04-09 00:00:00,29.29385757446289,0.027568983007369985
2020-04-14 00:00:00,29.615367889404297,0.010975349153799607
2020-04-15 00:00:00,29.008054733276367,-0.020506689580756854
2020-04-16 00:00:00,28.36503028869629,-0.022167099810468716
2020-04-17 00:00:00,28.222131729125977,-0.0050378426575224955
2020-04-20 00:00:00,28.61509704589844,0.013924012563760968
2020-04-21 00:00:00,27.972057342529297,-0.022472043423012455
2020-04-22 00:00:00,27.757713317871094,-0.00766279083563548
2020-04-23 00:00:00,27.65053939819336,-0.003861050024201118
2020-04-24 00:00:00,27.68626594543457,0.0012920741518533951
2020-04-27 00:00:00,28.222131729125977,0.01935493160209889
2020-04-28 00:00:00,28.54364585876465,0.011392269468675886
2020-04-29 00:00:00,28.75798988342285,0.007509342910109851
2020-05-04 00:00:00,27.57908821105957,-0.04099388299189999
2020-05-05 00:00:00,27.864887237548828,0.010362888878054033
2020-05-06 00:00:00,27.864887237548828,0
2020-05-07 00:00:00,27.757713317871094,-0.0038461996549303823
2020-05-08 00:00:00,28.257848739624023,0.018017889875349802
2020-05-11 00:00:00,28.61509704589844,0.01264244527480507
2020-05-12 00:00:00,28.079219818115234,-0.018727080566026455
2020-05-13 00:00:00,27.793441772460938,-0.010177563604168549
2020-05-14 00:00:00,27.293302536010746,-0.017994865139219773
2020-05-15 00:00:00,27.221851348876957,-0.0026179018475143145
2020-05-18 00:00:00,27.293302536010746,0.0026247732462449935
2020-05-19 00:00:00,28.186403274536133,0.032722340484337975
2020-05-20 00:00:00,27.471921920776367,-0.02534844005461434
2020-05-21 00:00:00,27.507644653320312,0.0013003361267174274
2020-05-22 00:00:00,25.614259719848636,-0.06883122700376798
2020-05-25 00:00:00,25.50708770751953,-0.004184076116244606
2020-05-26 00:00:00,26.364473342895508,0.03361362320964689
2020-05-27 00:00:00,26.685985565185547,0.012194904032728493
2020-05-28 00:00:00,26.43591690063477,-0.009370786173137136
2020-05-29 00:00:00,25.614259719848636,-0.031081092586064396
2020-06-01 00:00:00,26.15011978149414,0.020920380581222142
2020-06-02 00:00:00,26.57881546020508,0.016393641111132506
2020-06-03 00:00:00,27.2575740814209,0.025537579815476885
2020-06-04 00:00:00,27.757713317871094,0.018348633482797583
2020-06-05 00:00:00,28.93660926818848,0.04247093183855255
2020-06-08 00:00:00,29.29385757446289,0.012345893845522316
2020-06-09 00:00:00,28.82944107055664,-0.01585371618352882
2020-06-10 00:00:00,28.4007511138916,-0.014869867078444954
2020-06-11 00:00:00,27.04322624206543,-0.04779890737333947
2020-06-12 00:00:00,26.6502628326416,-0.014530936727237709
2020-06-15 00:00:00,26.07867431640625,-0.02144776281663019
2020-06-16 00:00:00,26.72170829772949,0.024657464314384425
2020-06-17 00:00:00,26.936058044433597,0.008021558513993776
2020-06-18 00:00:00,26.507369995117188,-0.015915025450615183
2020-06-19 00:00:00,26.685985565185547,0.006738336172213977
2020-06-22 00:00:00,26.22157287597656,-0.017402868186171094
2020-06-23 00:00:00,26.75743293762207,0.02043584739100268
2020-06-24 00:00:00,26.43591690063477,-0.012015952267799057
2020-06-26 00:00:00,26.22157287597656,-0.008108060918176951
2020-06-29 00:00:00,25.757158279418945,-0.01771116472509915
2020-06-30 00:00:00,25.86433219909668,0.00416093726315192
2020-07-02 00:00:00,26.6502628326416,0.03038665864229695
2020-07-03 00:00:00,26.75743293762207,0.004021352646819132
2020-07-06 00:00:00,28.079219818115234,0.04939886735676646
2020-07-07 00:00:00,27.61482048034668,-0.016538897475668057
2020-07-08 00:00:00,26.43591690063477,-0.042690973875818994
2020-07-09 00:00:00,26.507369995117188,0.0027028793724459543
2020-07-10 00:00:00,26.007226943969727,-0.018868075227364667
2020-07-13 00:00:00,26.614538192749023,0.023351634147219746
2020-07-14 00:00:00,26.328744888305664,-0.010738240219446027
2020-07-15 00:00:00,26.57881546020508,0.009498005809251087
2020-07-16 00:00:00,26.57881546020508,0
2020-07-17 00:00:00,26.400196075439453,-0.0067203666406076
2020-07-20 00:00:00,26.15011978149414,-0.009472516538540532
2020-07-21 00:00:00,26.79315948486328,0.024590315789842165
2020-07-22 00:00:00,26.15011978149414,-0.02400014465380329
2020-07-23 00:00:00,26.11440086364746,-0.0013659179439765579
2020-07-24 00:00:00,25.721433639526367,-0.015047912688976317
2020-07-27 00:00:00,25.257015228271484,-0.018055696963220846
2020-07-28 00:00:00,24.86405563354492,-0.015558433614384692
2020-07-29 00:00:00,25.542814254760746,0.027298789514454525
2020-07-30 00:00:00,25.47136116027832,-0.002797385353460302
2020-07-31 00:00:00,24.971227645874023,-0.0196351310500138
2020-08-03 00:00:00,23.8637752532959,-0.04434913686596853
2020-08-04 00:00:00,24.042400360107425,0.007485199006257659
2020-08-05 00:00:00,24.256738662719727,0.008915012619453044
2020-08-06 00:00:00,23.935222625732425,-0.013254710019259153
2020-08-07 00:00:00,23.435081481933597,-0.020895612780352124
2020-08-10 00:00:00,23.64942741394043,0.009146370247190116
2020-08-11 00:00:00,24.36391258239746,0.0302115208098388
2020-08-12 00:00:00,25.542814254760746,0.04838720662686269
2020-08-13 00:00:00,25.292743682861328,-0.009790251356222801
2020-08-14 00:00:00,24.79260635375977,-0.01977394526163878
2020-08-17 00:00:00,24.721153259277344,-0.0028820323875141662
2020-08-18 00:00:00,24.47108459472656,-0.010115574379886194
2020-08-19 00:00:00,24.399633407592773,-0.002919821018034563
2020-08-20 00:00:00,24.042400360107425,-0.01464091863667849
2020-08-21 00:00:00,24.042400360107425,0
2020-08-24 00:00:00,24.22101593017578,0.00742919040499479
2020-08-25 00:00:00,24.542530059814453,0.013274180181604756
2020-08-26 00:00:00,24.256738662719727,-0.011644740635875839
2020-08-27 00:00:00,23.792325973510746,-0.019145718460608196
2020-08-28 00:00:00,24.29247093200684,0.021021272113240785
2020-08-31 00:00:00,24.149566650390625,-0.005882657306298555
2020-09-01 00:00:00,23.935222625732425,-0.008875688237442225
2020-09-02 00:00:00,23.68515396118164,-0.01044772670223415
2020-09-03 00:00:00,23.89949989318848,0.00904980108460074
2020-09-04 00:00:00,23.64942741394043,-0.0104635025990365
2020-09-07 00:00:00,23.470808029174805,-0.0075527995515162205
2020-09-08 00:00:00,23.577980041503903,0.004566183328493789
2020-09-09 00:00:00,23.363637924194336,-0.009090775245897409
2020-09-10 00:00:00,23.1492919921875,-0.009174338889444522
2020-09-11 00:00:00,23.04211807250977,-0.0046296845585558355
2020-09-14 00:00:00,23.006393432617188,-0.0015504060772608685
2020-09-15 00:00:00,22.89921760559082,-0.0046585236117200335
2020-09-16 00:00:00,22.68487548828125,-0.009360237585464004
2020-09-17 00:00:00,22.077564239501957,-0.02677163685967876
2020-09-18 00:00:00,22.1132869720459,0.0016180558759297803
2020-09-21 00:00:00,20.93438720703125,-0.05331182860806416
2020-09-22 00:00:00,20.50569725036621,-0.020477788646283135
2020-09-23 00:00:00,20.541423797607425,0.0017422741984829404
2020-09-24 00:00:00,20.434249877929688,-0.005217453314517617
2020-09-25 00:00:00,20.14845848083496,-0.013985901063263362
2020-09-28 00:00:00,22.00611114501953,0.09219825258351921
2020-09-29 00:00:00,21.43453025817871,-0.025973734435590257
2020-09-30 00:00:00,21.29162979125977,-0.0066668345514320215
2020-10-05 00:00:00,22.149009704589844,0.040268402265853265
2020-10-06 00:00:00,22.184738159179688,0.0016130948997887806
2020-10-07 00:00:00,22.54197883605957,0.016102992711323205
2020-10-08 00:00:00,22.43480682373047,-0.004754330270138607
2020-10-09 00:00:00,22.470531463623047,0.0015923756408184886
2020-10-12 00:00:00,22.470531463623047,0
2020-10-14 00:00:00,21.79176902770996,-0.03020678158021839
2020-10-15 00:00:00,21.36307907104492,-0.019672104459253825
2020-10-16 00:00:00,21.541698455810547,0.008361125480630172
2020-10-19 00:00:00,22.077564239501957,0.024875744351851248
2020-10-20 00:00:00,22.00611114501953,-0.0032364573241544514
2020-10-21 00:00:00,22.184738159179688,0.008117154956775785
2020-10-22 00:00:00,22.327634811401367,0.006441214279671481
2020-10-23 00:00:00,23.04211807250977,0.03199995284514223
2020-10-27 00:00:00,24.149566650390625,0.04806192618212868
2020-10-28 00:00:00,23.32791328430176,-0.034023524230633484
2020-10-29 00:00:00,23.07784080505371,-0.010719882065762576
2020-10-30 00:00:00,22.934946060180664,-0.006191859371945885
2020-11-02 00:00:00,23.435081481933597,0.021806697100598793
2020-11-03 00:00:00,24.149566650390625,0.030487846564896115
2020-11-04 00:00:00,24.149566650390625,0
2020-11-05 00:00:00,24.399633407592773,0.01035491695657842
2020-11-06 00:00:00,24.79260635375977,0.016105690589790056
2020-11-09 00:00:00,24.899778366088867,0.0043227408526511635
2020-11-10 00:00:00,26.936058044433597,0.08177902824701233
2020-11-11 00:00:00,28.04351043701172,0.041114122591779045
2020-11-12 00:00:00,27.400468826293945,-0.02293013965430979
2020-11-13 00:00:00,26.614538192749023,-0.028683108983548866
2020-11-16 00:00:00,27.72199058532715,0.041610806265270694
2020-11-17 00:00:00,28.04351043701172,0.01159800739037653
2020-11-18 00:00:00,28.007781982421875,-0.001274036453820293
2020-11-19 00:00:00,27.936336517333984,-0.0025509147826390244
2020-11-20 00:00:00,27.793441772460938,-0.005115013730751072
2020-11-23 00:00:00,28.114952087402344,0.01156784818424228
2020-11-24 00:00:00,28.4007511138916,0.010165374836876184
2020-11-25 00:00:00,30.258411407470703,0.0654088438059115
2020-11-26 00:00:00,30.00834274291992,-0.008264434678452504
2020-11-27 00:00:00,30.00834274291992,0
2020-11-30 00:00:00,29.651098251342773,-0.011904839085505103
2020-12-01 00:00:00,29.29385757446289,-0.012048143169998915
2020-12-02 00:00:00,30.36557960510254,0.03658521339893217
2020-12-03 00:00:00,31.008625030517575,0.021176787460595037
2020-12-04 00:00:00,31.258678436279297,0.008063995276011982
2020-12-07 00:00:00,30.651371002197266,-0.019428442418639835
2020-12-08 00:00:00,29.543916702270508,-0.036130661165119426
2020-12-09 00:00:00,29.829713821411133,0.009673636776760253
2020-12-10 00:00:00,29.936891555786133,0.0035929856724965514
2020-12-11 00:00:00,29.75827407836914,-0.0059664670623583715
2020-12-14 00:00:00,29.543916702270508,-0.0072032865728072215
2020-12-15 00:00:00,29.29385757446289,-0.00846398026123596
2020-12-16 00:00:00,29.508197784423828,0.007316899435866331
2020-12-17 00:00:00,29.793989181518555,0.009685152552609821
2020-12-18 00:00:00,29.401031494140625,-0.013189159900134584
2020-12-21 00:00:00,28.222131729125977,-0.04009722465858356
2020-12-22 00:00:00,28.186403274536133,-0.0012659729226963679
2020-12-23 00:00:00,28.257848739624023,0.002534749268716885
2020-12-24 00:00:00,28.72227096557617,0.016435158607842615
2020-12-28 00:00:00,28.579368591308597,-0.004975315999171559
2020-12-29 00:00:00,28.75798988342285,0.006250008342331803
2020-12-30 00:00:00,29.008054733276367,0.008695491265808597
2020-12-31 00:00:00,29.043790817260746,0.001231936588405036
2021-01-04 00:00:00,28.9008903503418,-0.004920172708103188
2021-01-05 00:00:00,28.68654441833496,-0.007416585766337969
2021-01-06 00:00:00,29.651098251342773,0.03362391157825617
2021-01-07 00:00:00,31.008625030517575,0.045783355735004694
2021-01-08 00:00:00,31.008625030517575,0
2021-01-11 00:00:00,30.72282600402832,-0.009216759085834414
2021-01-12 00:00:00,30.901447296142575,0.005813960346318092
2021-01-13 00:00:00,30.54419708251953,-0.011560954093811637
2021-01-14 00:00:00,30.72282600402832,0.005848211397608383
2021-01-15 00:00:00,30.68710327148437,-0.0011627424032953915
2021-01-18 00:00:00,30.0440673828125,-0.020954597212484494
2021-01-19 00:00:00,31.29441261291504,0.04161704253192533
2021-01-20 00:00:00,30.901447296142575,-0.012557044020384933
2021-01-21 00:00:00,31.6873779296875,0.025433457080925592
2021-01-22 00:00:00,30.86571884155273,-0.025930169733765385
2021-01-25 00:00:00,30.57992172241211,-0.009259370261478272
2021-01-26 00:00:00,30.15123748779297,-0.0140184869834038
2021-01-27 00:00:00,30.54419708251953,0.013032950799636511
2021-01-28 00:00:00,29.68682289123535,-0.028069953483074395
2021-01-29 00:00:00,29.258129119873047,-0.014440540603921304
2021-02-01 00:00:00,29.115232467651367,-0.004883998277409374
2021-02-02 00:00:00,29.258129119873047,0.004907968788518069
2021-02-03 00:00:00,29.543916702270508,0.009767800983670805
2021-02-04 00:00:00,29.29385757446289,-0.00846398026123596
2021-02-05 00:00:00,29.793989181518555,0.017072917275724686
2021-02-08 00:00:00,29.543916702270508,-0.008393386925278468
2021-02-09 00:00:00,29.793989181518555,0.008464432179665193
2021-02-10 00:00:00,30.437034606933597,0.021583058968616786
2021-02-11 00:00:00,30.47275733947754,0.0011736600823721854
2021-02-16 00:00:00,32.68764877319336,0.07268431304201095
2021-02-17 00:00:00,32.90199661254883,0.006557456635769121
2021-02-18 00:00:00,33.152076721191406,0.0076007578381185326
2021-02-19 00:00:00,32.544761657714844,-0.01831906545656481
2021-02-22 00:00:00,33.2235221862793,0.020856214456360878
2021-02-23 00:00:00,33.36642074584961,0.0043011261349443775
2021-02-24 00:00:00,32.93772506713867,-0.012848117032878359
2021-02-25 00:00:00,34.0451774597168,0.033622613289798986
2021-02-26 00:00:00,33.79510498046875,-0.007345312843322405
2021-03-01 00:00:00,32.93772506713867,-0.025369943778117743
2021-03-02 00:00:00,32.1875114440918,-0.022776728554193548
2021-03-03 00:00:00,33.04490661621094,0.02663751043967455
2021-03-04 00:00:00,33.259239196777344,0.006486100355970192
2021-03-05 00:00:00,32.93772506713867,-0.00966691173350187
2021-03-08 00:00:00,34.11661529541016,0.035791489116764996
2021-03-09 00:00:00,34.83111953735352,0.020942999056517975
2021-03-10 00:00:00,34.11661529541016,-0.020513387207583444
2021-03-11 00:00:00,34.34757995605469,0.006769858576082033
2021-03-12 00:00:00,33.50535583496094,-0.024520624805919877
2021-03-15 00:00:00,34.05463790893555,0.016393858840963782
2021-03-16 00:00:00,33.5419807434082,-0.015053960253467502
2021-03-17 00:00:00,33.50535583496094,-0.0010919125118890038
2021-03-18 00:00:00,34.27434158325195,0.022951129129290537
2021-03-19 00:00:00,34.27434158325195,0
2021-03-22 00:00:00,33.688453674316406,-0.017094067511477462
2021-03-23 00:00:00,33.2124137878418,-0.014130654113030272
2021-03-24 00:00:00,32.48006057739258,-0.022050586721201082
2021-03-25 00:00:00,32.77301025390625,0.009019369770436159
2021-03-26 00:00:00,32.84624481201172,0.00223459967632178
2021-03-29 00:00:00,33.02933120727539,0.005574043435148335
2021-03-30 00:00:00,33.28565979003906,0.007760634968812408
2021-03-31 00:00:00,33.322269439697266,0.00109986252005001
2021-04-01 00:00:00,33.2124137878418,-0.0032967638069871796
2021-04-07 00:00:00,33.61521530151367,0.012128040926050687
2021-04-08 00:00:00,34.31095886230469,0.020697281113641663
2021-04-09 00:00:00,34.091243743896484,-0.006403642617216154
2021-04-12 00:00:00,33.5419807434082,-0.016111556522094284
2021-04-13 00:00:00,33.688453674316406,0.004366853944276716
2021-04-14 00:00:00,33.79830551147461,0.0032608156557198953
2021-04-15 00:00:00,33.432125091552734,-0.010834283387300414
2021-04-16 00:00:00,33.102569580078125,-0.009857450298840775
2021-04-19 00:00:00,33.688453674316406,0.017699051815931455
2021-04-20 00:00:00,33.761688232421875,0.0021738771038131155
2021-04-21 00:00:00,33.102569580078125,-0.019522680495307365
2021-04-22 00:00:00,32.84624481201172,-0.007743349574308223
2021-04-23 00:00:00,32.809627532958984,-0.0011148086870297336
2021-04-26 00:00:00,33.02933120727539,0.0066963172348024624
2021-04-27 00:00:00,33.688453674316406,0.019955671003590636
2021-04-28 00:00:00,34.75037384033203,0.031521784178097034
2021-04-29 00:00:00,35.37287139892578,0.017913406096117024
2021-04-30 00:00:00,35.775672912597656,0.011387300429450242
2021-05-03 00:00:00,34.64051818847656,-0.031729793787369176
2021-05-04 00:00:00,35.263023376464844,0.017970435216969838
2021-05-05 00:00:00,35.44611740112305,0.005192238416527939
2021-05-06 00:00:00,35.995384216308594,0.015495824520632695
2021-05-07 00:00:00,35.958763122558594,-0.001017383049169096
2021-05-10 00:00:00,35.995384216308594,0.0010184191715711943
2021-05-11 00:00:00,35.40949630737305,-0.016276751080492646
2021-05-12 00:00:00,35.11655044555664,-0.008273087515097144
2021-05-13 00:00:00,35.00669479370117,-0.0031283155794525896
2021-05-14 00:00:00,35.70244216918945,0.019874694814475014
2021-05-17 00:00:00,35.555965423583984,-0.004102709414424144
2021-05-18 00:00:00,36.03200149536133,0.013388360183903103
2021-05-20 00:00:00,35.48273086547852,-0.015243966670947184
2021-05-21 00:00:00,35.555965423583984,0.002063949316164715
2021-05-24 00:00:00,35.812294006347656,0.007209158286380024
2021-05-25 00:00:00,36.03200149536133,0.00613497389959794
2021-05-26 00:00:00,35.958763122558594,-0.0020325924112809535
2021-05-27 00:00:00,35.848899841308594,-0.003055257514713472
2021-05-28 00:00:00,37.20376586914063,0.0377937965691999
2021-05-31 00:00:00,36.10523223876953,-0.029527484777617685
2021-06-01 00:00:00,36.434791564941406,0.009127744255803316
2021-06-02 00:00:00,35.995384216308594,-0.012060103262828137
2021-06-03 00:00:00,35.73905563354492,-0.0071211514571786205
2021-06-04 00:00:00,35.555965423583984,-0.005122972801471781
2021-06-07 00:00:00,35.66582107543945,0.0030896545923233543
2021-06-08 00:00:00,35.812294006347656,0.004106815054065072
2021-06-09 00:00:00,35.44611740112305,-0.010224885486523339
2021-06-10 00:00:00,34.89684295654297,-0.015496039759849034
2021-06-11 00:00:00,34.8602294921875,-0.0010491913093990668
2021-06-15 00:00:00,34.677127838134766,-0.005252451194957541
2021-06-16 00:00:00,35.22639846801758,0.015839565273303213
2021-06-17 00:00:00,35.37287139892578,0.004158044457516441
2021-06-18 00:00:00,34.567283630371094,-0.022774169489083396
2021-06-21 00:00:00,33.35890197753906,-0.034957379519701015
2021-06-22 00:00:00,33.50535583496094,0.00439024814187472
2021-06-23 00:00:00,33.725067138671875,0.0065574979950424606
2021-06-24 00:00:00,33.61521530151367,-0.003257275566168949
2021-06-25 00:00:00,33.761688232421875,0.004357340257808984
2021-06-28 00:00:00,33.61521530151367,-0.00433843621503327
2021-06-29 00:00:00,33.13918685913086,-0.014161100505025725
2021-06-30 00:00:00,32.84624481201172,-0.008839747588388014
2021-07-02 00:00:00,32.84624481201172,0
2021-07-05 00:00:00,33.06595230102539,0.006688968260180728
2021-07-06 00:00:00,33.13918685913086,0.002214802629567636
2021-07-07 00:00:00,32.66314697265625,-0.014364863220638902
2021-07-08 00:00:00,32.18712615966797,-0.014573635950840269
2021-07-09 00:00:00,31.89417266845703,-0.009101573397938933
2021-07-12 00:00:00,32.1505012512207,0.008036846900787653
2021-07-13 00:00:00,32.99271011352539,0.026195823689458386
2021-07-14 00:00:00,32.48006057739258,-0.015538266919232324
2021-07-15 00:00:00,32.33359146118164,-0.004509508714182764
2021-07-16 00:00:00,32.0406379699707,-0.009060344922173114
2021-07-19 00:00:00,31.30828666687012,-0.022856951343695475
2021-07-20 00:00:00,30.79564476013184,-0.01637400066611594
2021-07-21 00:00:00,31.01534843444824,0.0071342449891105275
2021-07-22 00:00:00,31.711082458496094,0.022431926744860053
2021-07-23 00:00:00,31.454761505126957,-0.008083008636006417
2021-07-26 00:00:00,31.01534843444824,-0.01396968375064922
2021-07-27 00:00:00,31.56461334228516,0.017709454691370308
2021-07-28 00:00:00,31.30828666687012,-0.008120697460648252
2021-07-29 00:00:00,31.418142318725582,0.0035088362715072208
2021-07-30 00:00:00,31.528005599975582,0.003496810223070357
2021-08-02 00:00:00,31.82093811035156,0.00929118429160014
2021-08-03 00:00:00,31.418142318725582,-0.012658199774913115
2021-08-04 00:00:00,31.60123443603516,0.005827592078875066
2021-08-05 00:00:00,31.711082458496094,0.003476067451835707
2021-08-06 00:00:00,31.637853622436523,-0.002309250595762924
2021-08-09 00:00:00,32.0772705078125,0.013888960060942868
2021-08-10 00:00:00,32.0772705078125,0
2021-08-11 00:00:00,32.26036071777344,0.005707786450107832
2021-08-12 00:00:00,32.44343948364258,0.005675037779979908
2021-08-13 00:00:00,32.370208740234375,-0.002257181870162883
2021-08-16 00:00:00,32.48006057739258,0.0033936091682245095
2021-08-17 00:00:00,32.1138801574707,-0.011274006680170756
2021-08-18 00:00:00,31.78432846069336,-0.010261970685615851
2021-08-19 00:00:00,31.40983390808105,-0.011782364792618849
2021-08-20 00:00:00,31.187334060668945,-0.007083763895830764
2021-08-23 00:00:00,31.446918487548828,0.008323392643145189
2021-08-24 00:00:00,30.96483039855957,-0.015330217146081848
2021-08-25 00:00:00,31.15025329589844,0.005988177391970995
2021-08-26 00:00:00,31.26150703430176,0.003571519542602486
2021-08-27 00:00:00,31.15025329589844,-0.00355880918604623
2021-08-30 00:00:00,30.89067268371582,-0.008333178215818915
2021-08-31 00:00:00,30.742332458496094,-0.004802104076481517
2021-09-01 00:00:00,31.001909255981445,0.00844362729587278
2021-09-02 00:00:00,30.668161392211918,-0.010765397092604378
2021-09-03 00:00:00,30.742332458496094,0.0024185038462400943
2021-09-06 00:00:00,30.70524406433105,-0.0012064274633394323
2021-09-07 00:00:00,30.40858268737793,-0.009661586676581457
2021-09-08 00:00:00,30.00065803527832,-0.013414786749299301
2021-09-09 00:00:00,29.963571548461918,-0.001236189112011843
2021-09-10 00:00:00,30.33441734313965,0.012376555113863486
2021-09-13 00:00:00,30.18607711791992,-0.004890162337443993
2021-09-14 00:00:00,29.815242767333984,-0.012284946769906324
2021-09-15 00:00:00,29.741071701049805,-0.0024876894970462526
2021-09-16 00:00:00,29.666900634765625,-0.002493893529787017
2021-09-17 00:00:00,29.852325439453125,0.006250225022502276
2021-09-20 00:00:00,28.92523002624512,-0.031056053408246242
2021-09-21 00:00:00,28.77689552307129,-0.005128204790048052
2021-09-23 00:00:00,29.481481552124023,0.024484435038791608
2021-09-24 00:00:00,29.44440650939941,-0.0012575705416657534
2021-09-27 00:00:00,29.889408111572266,0.015113281431935022
2021-09-28 00:00:00,30.297325134277344,0.013647544346893303
2021-09-29 00:00:00,30.593996047973636,0.009791983694317885
2021-09-30 00:00:00,30.37148666381836,-0.007272975514750257
2021-10-04 00:00:00,30.037738800048828,-0.010988855022600053
2021-10-05 00:00:00,30.482742309570312,0.014814813874097554
2021-10-06 00:00:00,31.4840030670166,0.032846807130339384
2021-10-07 00:00:00,32.07734298706055,0.018845758551762515
2021-10-08 00:00:00,32.5223388671875,0.013872591639103593
2021-10-11 00:00:00,33.37527084350586,0.026226034351388483
2021-10-12 00:00:00,33.33818435668945,-0.0011111965799559531
2021-10-15 00:00:00,34.154022216796875,0.024471574437847865
2021-10-18 00:00:00,34.26527786254883,0.0032574683311308306
2021-10-19 00:00:00,34.22818756103516,-0.0010824456659143111
2021-10-20 00:00:00,34.37652587890625,0.004333805802792634
2021-10-21 00:00:00,34.48777770996094,0.0032362732478139478
2021-10-22 00:00:00,34.48777770996094,0
2021-10-25 00:00:00,34.636112213134766,0.004301074555203455
2021-10-26 00:00:00,35.229454040527344,0.01713072829136908
2021-10-27 00:00:00,35.489036560058594,0.00736833784686608
2021-10-28 00:00:00,34.858612060546875,-0.017763922625649298
2021-10-29 00:00:00,34.96986770629883,0.0031916258042261614
2021-11-01 00:00:00,34.821529388427734,-0.004241889592404013
2021-11-02 00:00:00,34.895694732666016,0.002129870385960908
2021-11-03 00:00:00,34.74735641479492,-0.004250905993060328
2021-11-04 00:00:00,34.96986770629883,0.006403689790028588
2021-11-05 00:00:00,33.709022521972656,-0.0360551888533186
2021-11-08 00:00:00,33.89443588256836,0.005500407508845617
2021-11-09 00:00:00,33.7831916809082,-0.0032820785702283306
2021-11-10 00:00:00,33.59776306152344,-0.005488783331551117
2021-11-11 00:00:00,33.709022521972656,0.003311513931611554
2021-11-12 00:00:00,33.59776306152344,-0.0033005840017074073
2021-11-15 00:00:00,33.52359771728516,-0.002207448873976059
2021-11-16 00:00:00,33.96860122680664,0.013274336283185528
2021-11-17 00:00:00,34.116943359375,0.004367036828448967
2021-11-18 00:00:00,34.154022216796875,0.001086816513170552
2021-11-19 00:00:00,34.154022216796875,0
2021-11-22 00:00:00,33.7831916809082,-0.01085759485470783
2021-11-23 00:00:00,33.74609375,-0.001098118000768089
2021-11-24 00:00:00,34.191104888916016,0.0131870415050932
2021-11-25 00:00:00,34.22818756103516,0.0010845707455089393
2021-11-26 00:00:00,32.8931770324707,-0.03900324918413778
2021-11-29 00:00:00,32.44817352294922,-0.01352874819851535
2021-11-30 00:00:00,31.85484313964844,-0.018285478622737883
2021-12-01 00:00:00,32.26276779174805,0.012805734133152225
2021-12-02 00:00:00,32.63359451293945,0.011493952520907236
2021-12-03 00:00:00,33.26402282714844,0.019318384125874166
2021-12-06 00:00:00,33.26402282714844,0
2021-12-07 00:00:00,33.85736083984375,0.01783722960324141
2021-12-08 00:00:00,33.74609375,-0.0032863485836973627
2021-12-09 00:00:00,33.59776306152344,-0.004395492099780074
2021-12-10 00:00:00,33.52359771728516,-0.002207448873976059
2021-12-13 00:00:00,33.449432373046875,-0.002212332484828994
2021-12-14 00:00:00,33.004432678222656,-0.013303654599017722
2021-12-15 00:00:00,33.33818435668945,0.010112328902021073
2021-12-16 00:00:00,33.48651885986328,0.00444938757272384
2021-12-17 00:00:00,34.413612365722656,0.02768557429749996
2021-12-20 00:00:00,33.74609375,-0.01939693539372611
2021-12-21 00:00:00,33.709022521972656,-0.0010985339014932816
2021-12-22 00:00:00,33.89443588256836,0.005500407508845617
2021-12-23 00:00:00,34.26527786254883,0.010941087241141734
2021-12-24 00:00:00,34.45069122314453,0.0054111150459501545
2021-12-28 00:00:00,34.56194305419922,0.003229306208519356
2021-12-29 00:00:00,34.74735641479492,0.005364668308866172
2021-12-30 00:00:00,34.78444290161133,0.0010673182262757042
2021-12-31 00:00:00,34.78444290161133,0
2022-01-03 00:00:00,34.74735641479492,-0.001066180272638162
2022-01-04 00:00:00,35.45194625854492,0.020277509325860477
2022-01-05 00:00:00,36.45320892333984,0.028242812326659816
2022-01-06 00:00:00,36.34195709228516,-0.0030519077562864982
2022-01-07 00:00:00,37.15779876708984,0.022449029718816682
2022-01-10 00:00:00,38.34447479248047,0.03193612282656666
2022-01-11 00:00:00,38.52988815307617,0.004835464864211936
2022-01-12 00:00:00,39.12322998046875,0.01539952114668175
2022-01-13 00:00:00,39.79073715209961,0.01706165804725468
2022-01-14 00:00:00,40.45824432373047,0.016775441205809205
2022-01-17 00:00:00,40.79199600219727,0.008249287235408964
2022-01-18 00:00:00,40.45824432373047,-0.008181793272602489
2022-01-19 00:00:00,40.56949234008789,0.00274969955362514
2022-01-20 00:00:00,40.34698867797852,-0.005484506935510836
2022-01-21 00:00:00,39.49406433105469,-0.021139727520467
2022-01-24 00:00:00,39.53114700317383,0.0009389429208475075
2022-01-25 00:00:00,38.82655334472656,-0.0178237595380345
2022-01-26 00:00:00,39.97615432739258,0.029608628210161525
2022-01-27 00:00:00,40.53240966796875,0.013914678636184119
2022-01-28 00:00:00,41.23699188232422,0.017383181018035376
2022-01-31 00:00:00,40.866153717041016,-0.00899285200873634
2022-02-04 00:00:00,42.94284057617188,0.05081679263260086
2022-02-07 00:00:00,42.94284057617188,0
2022-02-08 00:00:00,43.6103515625,0.015544174008333078
2022-02-09 00:00:00,43.98118209838867,0.00850326866448703
2022-02-10 00:00:00,43.57326889038086,-0.009274721336395286
2022-02-11 00:00:00,43.75868225097656,0.0042552088773086805
2022-02-14 00:00:00,43.75868225097656,0
2022-02-15 00:00:00,43.01701354980469,-0.016949063889037053
2022-02-16 00:00:00,43.38785171508789,0.008620732465628889
2022-02-17 00:00:00,43.01701354980469,-0.008547050628788022
2022-02-18 00:00:00,43.01701354980469,0
2022-02-21 00:00:00,43.42493438720703,0.009482779108550998
2022-02-22 00:00:00,41.8674201965332,-0.03586681736317532
2022-02-23 00:00:00,43.0911750793457,0.02922928800169622
2022-02-24 00:00:00,41.64491653442383,-0.033562754839217446
2022-02-25 00:00:00,40.606571197509766,-0.0249333033494199
2022-02-28 00:00:00,40.12448120117188,-0.011872216297037386
2022-03-01 00:00:00,40.0503158569336,-0.0018483813875732613
2022-03-02 00:00:00,37.97363662719727,-0.0518517566042318
2022-03-03 00:00:00,39.53114700317383,0.04101557065148298
2022-03-04 00:00:00,38.19613265991211,-0.03377120181092985
2022-03-07 00:00:00,35.489036560058594,-0.0708735652364797
2022-03-08 00:00:00,35.60028076171875,0.00313460754201933
2022-03-09 00:00:00,36.52737808227539,0.0260418541854186
2022-03-10 00:00:00,37.52896499633789,0.02742016992860785
2022-03-11 00:00:00,37.299896240234375,-0.006103785599359535
2022-03-14 00:00:00,37.87256240844727,0.015353023089516693
2022-03-15 00:00:00,37.567142486572266,-0.00806441134299607
2022-03-16 00:00:00,37.567142486572266,0
2022-03-17 00:00:00,39.0942611694336,0.04065038173737001
2022-03-18 00:00:00,39.246978759765625,0.003906394078408315
2022-03-21 00:00:00,39.20879364013672,-0.0009729441815800044
2022-03-22 00:00:00,39.97235107421875,0.019474137385864454
2022-03-23 00:00:00,40.58320617675781,0.015281940794647175
2022-03-24 00:00:00,40.23960494995117,-0.00846658653114063
2022-03-25 00:00:00,40.31596755981445,0.001897697801910736
2022-03-28 00:00:00,41.04134368896485,0.01799227881791987
2022-03-29 00:00:00,40.8504524230957,-0.004651194349674093
2022-03-30 00:00:00,41.19405364990234,0.00841119758596287
2022-03-31 00:00:00,41.38493728637695,0.004633766759078561
2022-04-01 00:00:00,41.49946594238281,0.0027673995302528454
2022-04-04 00:00:00,41.270416259765625,-0.005519340488265523
2022-04-06 00:00:00,41.00315856933594,-0.006475769198631465
2022-04-07 00:00:00,40.81227493286133,-0.004655339811244663
2022-04-08 00:00:00,41.19405364990234,0.009354507134656354
2022-04-11 00:00:00,41.270416259765625,0.0018537289510829336
2022-04-12 00:00:00,40.73591995239258,-0.01295107623845615
2022-04-13 00:00:00,40.69773864746094,-0.0009372883925602427
2022-04-14 00:00:00,40.6595573425293,-0.0009381677262803034
2022-04-19 00:00:00,40.81227493286133,0.0037560072050339954
2022-04-20 00:00:00,41.19405364990234,0.009354507134656354
2022-04-21 00:00:00,41.995792388916016,0.019462487130483597
2022-04-22 00:00:00,41.346771240234375,-0.015454432736288548
2022-04-25 00:00:00,39.4378662109375,-0.046168176426780505
2022-04-26 00:00:00,37.79620742797852,-0.041626460574169855
2022-04-27 00:00:00,36.72722244262695,-0.02828286376056499
2022-04-28 00:00:00,37.299896240234375,0.015592624748632211
2022-04-29 00:00:00,37.07082748413086,-0.006141270598399862
2022-05-03 00:00:00,38.0252799987793,0.025746728072283176
2022-05-04 00:00:00,38.75066375732422,0.01907635548162201
2022-05-05 00:00:00,38.521583557128906,-0.005911645839924873
2022-05-06 00:00:00,37.4144287109375,-0.02874115609887784
2022-05-10 00:00:00,36.994476318359375,-0.011224343309439888
2022-05-11 00:00:00,36.956302642822266,-0.001031875007733607
2022-05-12 00:00:00,35.69643020629883,-0.034090868036771305
2022-05-13 00:00:00,36.45998001098633,0.02139008859638758
2022-05-16 00:00:00,36.57451629638672,0.0031414247996262024
2022-05-17 00:00:00,37.1090087890625,0.01461379525417228
2022-05-18 00:00:00,36.91811752319336,-0.0051440680335661515
2022-05-19 00:00:00,36.3072624206543,-0.01654621479969287
2022-05-20 00:00:00,36.994476318359375,0.018927725526178385
2022-05-23 00:00:00,36.994476318359375,0
2022-05-24 00:00:00,37.71985626220703,0.019607790568660466
2022-05-25 00:00:00,38.90337371826172,0.03137651023449162
2022-05-26 00:00:00,39.0942611694336,0.004906706872115807
2022-05-27 00:00:00,39.66692733764648,0.014648343544106268
2022-05-30 00:00:00,40.01054000854492,0.008662447382768113
2022-05-31 00:00:00,39.781471252441406,-0.005725210308448525
2022-06-01 00:00:00,40.086891174316406,0.007677441589248879
2022-06-02 00:00:00,39.934181213378906,-0.0038094737821759983
2022-06-06 00:00:00,40.20143508911133,0.006692358966981615
2022-06-07 00:00:00,39.51421737670898,-0.0170943577232765
2022-06-08 00:00:00,39.132442474365234,-0.00966170982722725
2022-06-09 00:00:00,38.63612365722656,-0.01268305236668521
2022-06-10 00:00:00,38.13981246948242,-0.012845781117881594
2022-06-13 00:00:00,37.18536758422852,-0.025024897173199223
2022-06-14 00:00:00,37.83438873291016,0.017453670377509223
2022-06-15 00:00:00,38.10163497924805,0.007063580390435087
2022-06-16 00:00:00,38.0252799987793,-0.002003981732288773
2022-06-17 00:00:00,37.91074752807617,-0.0030120086086624642
2022-06-20 00:00:00,37.83438873291016,-0.002014172764846167
2022-06-21 00:00:00,39.246978759765625,0.03733613979672201
2022-06-22 00:00:00,38.6743049621582,-0.01459153839873406
2022-06-23 00:00:00,38.6743049621582,0
2022-06-24 00:00:00,38.78883361816406,0.002961363006211082
2022-06-27 00:00:00,39.55239868164063,0.019685177208293547
2022-06-28 00:00:00,39.743289947509766,0.004826287968161536
2022-06-29 00:00:00,39.62874984741211,-0.002881998451787271
2022-06-30 00:00:00,39.4378662109375,-0.004816796825779068
2022-07-04 00:00:00,39.132442474365234,-0.007744428538265069
2022-07-05 00:00:00,38.86520004272461,-0.00682917841930486
2022-07-06 00:00:00,37.49078750610352,-0.03536357808811463
2022-07-07 00:00:00,37.91074752807617,0.011201685798258643
2022-07-08 00:00:00,38.0252799987793,0.0030211082126065936
2022-07-11 00:00:00,37.4144287109375,-0.016064346872959434
2022-07-12 00:00:00,37.45260238647461,0.0010202928883944473
2022-07-13 00:00:00,37.49078750610352,0.0010195585138486063
2022-07-14 00:00:00,37.4144287109375,-0.0020367348953017617
2022-07-15 00:00:00,36.42179870605469,-0.026530673835803653
2022-07-18 00:00:00,37.52896499633789,0.030398451740911714
2022-07-19 00:00:00,37.26172256469727,-0.0071209646113793434
2022-07-20 00:00:00,37.60532379150391,0.009221292070167975
2022-07-21 00:00:00,36.8035774230957,-0.021320023006671907
2022-07-22 00:00:00,37.1090087890625,0.008298958616319796
2022-07-25 00:00:00,37.299896240234375,0.005143965236499071
2022-07-26 00:00:00,38.25434875488281,0.025588610448167737
2022-07-27 00:00:00,38.10163497924805,-0.003992063140671687
2022-07-28 00:00:00,37.87256240844727,-0.006012145434849181
2022-07-29 00:00:00,37.71985626220703,-0.004032104946935955
2022-08-01 00:00:00,39.590576171875,0.04959509645699023
2022-08-02 00:00:00,38.941551208496094,-0.01639342050899406
2022-08-03 00:00:00,38.941551208496094,0
2022-08-04 00:00:00,39.39968490600586,0.01176464941154709
2022-08-05 00:00:00,39.01790618896485,-0.009689892646395526
2022-08-08 00:00:00,39.55239868164063,0.013698646208415655
2022-08-09 00:00:00,39.781471252441406,0.005791622719132361
2022-08-10 00:00:00,39.66692733764648,-0.0028793282698889033
2022-08-11 00:00:00,40.086891174316406,0.010587254038992633
2022-08-12 00:00:00,40.16323852539063,0.001904546569656107
2022-08-15 00:00:00,39.85782623291016,-0.007604274547915013
2022-08-16 00:00:00,39.590576171875,-0.00670508370109002
2022-08-17 00:00:00,39.66692733764648,0.0019285186818198685
2022-08-18 00:00:00,39.05254364013672,-0.015488562859434452
2022-08-19 00:00:00,38.97513961791992,-0.001982048158759242
2022-08-22 00:00:00,38.1623420715332,-0.020854256183677977
2022-08-23 00:00:00,37.96882629394531,-0.005070856951734148
2022-08-24 00:00:00,37.581790924072266,-0.010193503662102033
2022-08-25 00:00:00,37.96882629394531,0.010298481268627757
2022-08-26 00:00:00,38.00753402709961,0.001019460882320411
2022-08-29 00:00:00,37.73660659790039,-0.007128255913841919
2022-08-30 00:00:00,38.04623794555664,0.008205065997467731
2022-08-31 00:00:00,37.620487213134766,-0.011190350358190826
2022-09-01 00:00:00,37.34955978393555,-0.007201592782791755
2022-09-02 00:00:00,37.23345184326172,-0.0031086829763323776
2022-09-05 00:00:00,37.001224517822266,-0.006237061404272715
2022-09-06 00:00:00,37.77531051635742,0.020920550836427187
2022-09-07 00:00:00,37.001224517822266,-0.020491850045811333
2022-09-08 00:00:00,36.84640884399414,-0.0041840689286798405
2022-09-09 00:00:00,37.19474411010742,0.009453710064069254
2022-09-13 00:00:00,37.81401062011719,0.01664930152971489
2022-09-14 00:00:00,36.84640884399414,-0.025588446193757552
2022-09-15 00:00:00,36.691593170166016,-0.004201648917364187
2022-09-16 00:00:00,36.84640884399414,0.004219377259257362
2022-09-19 00:00:00,36.9238166809082,0.0021008244586819824
2022-09-20 00:00:00,37.42696762084961,0.013626731610374643
2022-09-21 00:00:00,36.691593170166016,-0.01964825091183542
2022-09-22 00:00:00,35.37564849853516,-0.03586501860324909
2022-09-23 00:00:00,35.37564849853516,0
2022-09-26 00:00:00,32.705055236816406,-0.07549241851578614
2022-09-27 00:00:00,32.8598747253418,0.004733809113127929
2022-09-28 00:00:00,30.96336555480957,-0.05771504567148045
2022-09-29 00:00:00,31.27300262451172,0.01000011026430725
2022-09-30 00:00:00,31.93097496032715,0.021039627813023376
2022-10-03 00:00:00,31.234294891357425,-0.021818314969565322
2022-10-05 00:00:00,33.014686584472656,0.05700118089132422
2022-10-06 00:00:00,32.705055236816406,-0.009378594186075784
2022-10-07 00:00:00,31.93097496032715,-0.02366852068844294
2022-10-10 00:00:00,31.234294891357425,-0.021818314969565322
2022-10-11 00:00:00,30.73114585876465,-0.016108864770051134
2022-10-12 00:00:00,29.957056045532227,-0.02518909697640348
2022-10-13 00:00:00,29.995763778686523,0.0012921073784908366
2022-10-14 00:00:00,31.389110565185547,0.04645145217102509
2022-10-17 00:00:00,31.85356330871582,0.014796620075161027
2022-10-18 00:00:00,32.66635513305664,0.02551651180947867
2022-10-19 00:00:00,32.24060821533203,-0.013033193204153193
2022-10-20 00:00:00,32.35671615600586,0.003601294984832526
2022-10-21 00:00:00,32.1631965637207,-0.005980816821834267
2022-10-24 00:00:00,32.58894348144531,0.013237083474620936
2022-10-25 00:00:00,30.92466354370117,-0.05106885219190094
2022-10-26 00:00:00,31.156892776489254,0.007509515259880306
2022-10-27 00:00:00,31.50522804260254,0.011180038671126269
2022-10-28 00:00:00,31.00206756591797,-0.015970697815745893
2022-10-31 00:00:00,31.156892776489254,0.004994028551227769
2022-11-01 00:00:00,31.776153564453125,0.019875563086674708
2022-11-02 00:00:00,32.04707717895508,0.008526004066301551
2022-11-03 00:00:00,31.195592880249023,-0.026569795864729073
2022-11-04 00:00:00,32.085792541503906,0.028536071254427142
2022-11-07 00:00:00,33.28561782836914,0.03739428550232082
2022-11-08 00:00:00,33.28561782836914,0
2022-11-09 00:00:00,33.28561782836914,0
2022-11-10 00:00:00,32.89857482910156,-0.01162793496167891
2022-11-11 00:00:00,33.59525680541992,0.02117666129725726
2022-11-14 00:00:00,33.78877639770508,0.005760324840080822
2022-11-15 00:00:00,34.601558685302734,0.024054800861414538
2022-11-16 00:00:00,34.33063125610352,-0.007829919792436746
2022-11-17 00:00:00,34.33063125610352,0
2022-11-18 00:00:00,34.17581558227539,-0.004509549290638404
2022-11-21 00:00:00,34.33063125610352,0.004529977447222278
2022-11-22 00:00:00,34.6402702331543,0.009019320814140919
2022-11-23 00:00:00,34.98860549926758,0.010055789512285251
2022-11-24 00:00:00,35.607872009277344,0.017699090923264382
2022-11-25 00:00:00,35.607872009277344,0
2022-11-28 00:00:00,35.29823303222656,-0.008695801225361288
2022-11-29 00:00:00,35.80139923095703,0.014254713494329607
2022-11-30 00:00:00,36.575469970703125,0.021621242643409477
2022-12-01 00:00:00,36.61418151855469,0.0010584019257324773
2022-12-02 00:00:00,36.30454635620117,-0.008456700368861259
2022-12-05 00:00:00,36.53676986694336,0.006396540765548631
2022-12-06 00:00:00,36.65288543701172,0.0031780469508175813
2022-12-07 00:00:00,36.11103439331055,-0.014783312070542065
2022-12-08 00:00:00,36.42066192626953,0.008574319128790808
2022-12-09 00:00:00,36.53676986694336,0.003187968986090306
2022-12-12 00:00:00,36.84640884399414,0.008474722264130152
2022-12-13 00:00:00,36.9238166809082,0.0021008244586819824
2022-12-14 00:00:00,37.19474411010742,0.0073374708671247735
2022-12-15 00:00:00,36.53676986694336,-0.01768997902543068
2022-12-16 00:00:00,36.381954193115234,-0.0042372567249902016
2022-12-19 00:00:00,36.3432502746582,-0.0010638218676102262
2022-12-20 00:00:00,36.188438415527344,-0.004259714196195863
2022-12-21 00:00:00,36.76899719238281,0.016042658989296577
2022-12-22 00:00:00,37.31085586547852,0.014736835771195889
2022-12-23 00:00:00,37.07863235473633,-0.006224019936167058
2022-12-28 00:00:00,37.54308319091797,0.01252610483952532
2022-12-29 00:00:00,37.46567535400391,-0.00206184016694666
2022-12-30 00:00:00,37.581790924072266,0.003099252021248944
2023-01-03 00:00:00,37.69789505004883,0.0030893718240072587
2023-01-04 00:00:00,38.70420837402344,0.02669415156041466
2023-01-05 00:00:00,39.67181015014648,0.02499991129575596
2023-01-06 00:00:00,40.40719223022461,0.018536640432965434
2023-01-09 00:00:00,41.25868225097656,0.02107273417812583
2023-01-10 00:00:00,41.25868225097656,0
2023-01-11 00:00:00,41.52961349487305,0.006566648014796339
2023-01-12 00:00:00,41.8779525756836,0.008387727491216745
2023-01-13 00:00:00,42.96166610717773,0.025877901493287947
2023-01-16 00:00:00,43.85187530517578,0.020721011977915982
2023-01-17 00:00:00,43.85187530517578,0
2023-01-18 00:00:00,43.96798324584961,0.0026477303391430063
2023-01-19 00:00:00,43.85187530517578,-0.002640738376027074
2023-01-20 00:00:00,44.04538345336914,0.004412767911216697
2023-01-26 00:00:00,44.8194694519043,0.017574736279789338
2023-01-27 00:00:00,44.858177185058594,0.0008636365764176368
2023-01-30 00:00:00,44.78076934814453,-0.0017256126256472992
2023-01-31 00:00:00,44.858177185058594,0.0017285955118873098
2023-02-01 00:00:00,44.16150665283203,-0.015530513630826026
2023-02-02 00:00:00,44.62595748901367,0.010517096706705198
2023-02-03 00:00:00,43.27130508422852,-0.03035570508752994
2023-02-06 00:00:00,43.81316757202149,0.01252244383981993
2023-02-07 00:00:00,43.81316757202149,0
2023-02-08 00:00:00,44.7420654296875,0.021201339897167992
2023-02-09 00:00:00,44.89688491821289,0.003460266910759735
2023-02-10 00:00:00,44.89688491821289,0
2023-02-13 00:00:00,44.70336151123047,-0.0043103971987134004
2023-02-14 00:00:00,45.05170440673828,0.007792319944895043
2023-02-15 00:00:00,44.54854202270508,-0.011168553790785074
2023-02-16 00:00:00,44.97429275512695,0.009557007100364334
2023-02-17 00:00:00,45.05170440673828,0.0017212422223693569
2023-02-20 00:00:00,45.477447509765625,0.009450099804962475
2023-02-21 00:00:00,44.58724594116211,-0.019574571954865227
2023-02-22 00:00:00,46.94820785522461,0.05295150808771765
2023-02-23 00:00:00,45.94189453125,-0.02143454180568094
2023-02-24 00:00:00,46.09671401977539,0.0033698977829501597
2023-02-27 00:00:00,45.70966339111328,-0.008396490658663103
2023-02-28 00:00:00,45.90319061279297,0.004233836071462216
2023-03-01 00:00:00,46.63857650756836,0.01602036557716846
2023-03-02 00:00:00,46.48248291015625,-0.0033468773942270102
2023-03-03 00:00:00,46.282989501953125,-0.004291797591551072
2023-03-06 00:00:00,46.40269088745117,0.002586293296654718
2023-03-07 00:00:00,46.60219192504883,0.0042993419946602
2023-03-08 00:00:00,46.24308395385742,-0.007705817180637453
2023-03-09 00:00:00,46.72188186645508,0.01035393558689579
2023-03-10 00:00:00,45.00621795654297,-0.036720779244637125
2023-03-13 00:00:00,44.926414489746094,-0.0017731653629268207
2023-03-14 00:00:00,42.81176376342773,-0.047069207510450406
2023-03-15 00:00:00,44.048641204833984,0.028891064807352596
2023-03-16 00:00:00,43.011260986328125,-0.023550788177139403
2023-03-17 00:00:00,42.93145751953125,-0.0018554086759335897
2023-03-20 00:00:00,40.25821304321289,-0.06226773165346633
2023-03-21 00:00:00,41.41529083251953,0.028741409561935605
2023-03-22 00:00:00,42.69207000732422,0.030828690301074824
2023-03-23 00:00:00,42.851661682128906,0.003738204185866456
2023-03-24 00:00:00,41.61479187011719,-0.028863987146793613
2023-03-27 00:00:00,41.21580123901367,-0.009587711800861487
2023-03-28 00:00:00,42.013790130615234,0.01936123689489766
2023-03-29 00:00:00,42.253173828125,0.005697741069433437
2023-03-30 00:00:00,42.93145751953125,0.016052845974726893
2023-03-31 00:00:00,42.452667236328125,-0.011152434854682092
2023-04-03 00:00:00,43.25065612792969,0.01879714382041686
2023-04-04 00:00:00,43.609745025634766,0.008302507519029056
2023-04-06 00:00:00,43.25065612792969,-0.008234143480866485
2023-04-11 00:00:00,43.72944641113281,0.011070127625045112
2023-04-12 00:00:00,43.689544677734375,-0.0009124682947799778
2023-04-13 00:00:00,44.08853912353516,0.009132492653422641
2023-04-14 00:00:00,44.36783218383789,0.006334822288399211
2023-04-17 00:00:00,45.40520477294922,0.023381187181131136
2023-04-18 00:00:00,44.9663200378418,-0.009665956519788521
2023-04-19 00:00:00,44.56732940673828,-0.008873099483518776
2023-04-20 00:00:00,44.9663200378418,0.00895253622810066
2023-04-21 00:00:00,44.647117614746094,-0.007098700156630056
2023-04-24 00:00:00,44.647117614746094,0
2023-04-25 00:00:00,44.28803253173828,-0.00804273830410085
2023-04-26 00:00:00,44.08853912353516,-0.004504454065783037
2023-04-27 00:00:00,44.88652420043945,0.01809960349714368
2023-04-28 00:00:00,44.80672073364258,-0.001777893660032892
2023-05-02 00:00:00,46.80167388916016,0.044523525106350714
2023-05-03 00:00:00,46.96128082275391,0.003410282588860891
2023-05-04 00:00:00,46.80167388916016,-0.0033986920884069294
2023-05-05 00:00:00,46.64208221435547,-0.003409956558020899
2023-05-08 00:00:00,47.47996520996094,0.017964099281733814
2023-05-09 00:00:00,47.32036209106445,-0.0033614834844698516
2023-05-10 00:00:00,47.36026763916016,0.0008433060596391151
2023-05-11 00:00:00,47.6701545715332,0.006543183723835444
2023-05-12 00:00:00,47.5084228515625,-0.003392724890958987
2023-05-15 00:00:00,47.91274642944336,0.008510566203052905
2023-05-16 00:00:00,48.276649475097656,0.0075951197285295535
2023-05-17 00:00:00,47.42755889892578,-0.017588017921787547
2023-05-18 00:00:00,48.07447814941406,0.013640154912188285
2023-05-19 00:00:00,48.07447814941406,0
2023-05-22 00:00:00,48.31707382202149,0.005046246614543559
2023-05-23 00:00:00,48.19578170776367,-0.002510336505571642
2023-05-24 00:00:00,47.91274642944336,-0.005872615160316341
2023-05-25 00:00:00,47.18495559692383,-0.015189920986710348
2023-05-29 00:00:00,47.5084228515625,0.006855304843388588
2023-05-30 00:00:00,47.58929061889648,0.0017021774767527198
2023-05-31 00:00:00,46.65933609008789,-0.019541256377528904
2023-06-01 00:00:00,46.37631607055664,-0.006065667522246909
2023-06-02 00:00:00,47.06366729736328,0.014821169188188765
2023-06-05 00:00:00,47.83188247680664,0.016322892446726023
2023-06-06 00:00:00,47.75101852416992,-0.0016905868732205453
2023-06-07 00:00:00,48.23621368408203,0.010160938445041179
2023-06-08 00:00:00,48.47880554199219,0.005029247517207347
2023-06-09 00:00:00,48.51924896240234,0.0008342495232296354
2023-06-12 00:00:00,48.51924896240234,0
2023-06-13 00:00:00,48.43837356567383,-0.0016668723951431819
2023-06-14 00:00:00,48.55967712402344,0.0025042863626529854
2023-06-15 00:00:00,48.55967712402344,0
2023-06-16 00:00:00,49.32789993286133,0.0158201795056383
2023-06-19 00:00:00,49.6513557434082,0.006557258893792772
2023-06-20 00:00:00,49.732215881347656,0.0016285585102111533
2023-06-21 00:00:00,49.57048797607422,-0.003251974648772804
2023-06-23 00:00:00,48.31707382202149,-0.025285491533948656
2023-06-26 00:00:00,48.19578170776367,-0.002510336505571642
2023-06-27 00:00:00,48.92356872558594,0.015100637276415974
2023-06-28 00:00:00,49.20659255981445,0.005785020218292081
2023-06-29 00:00:00,49.20659255981445,0
2023-06-30 00:00:00,49.32789993286133,0.0024652666794477973
2023-07-03 00:00:00,50.09611511230469,0.015573644539681464
2023-07-04 00:00:00,50.338714599609375,0.004842680650202658
2023-07-05 00:00:00,49.8535270690918,-0.0096384568890312
2023-07-06 00:00:00,49.32789993286133,-0.010543429264332826
2023-07-07 00:00:00,49.04486846923828,-0.005737756198992305
2023-07-10 00:00:00,49.28746032714844,0.004946324977144423
2023-07-11 00:00:00,49.12572860717773,-0.0032813969090150774
2023-07-12 00:00:00,49.6513557434082,0.010699630338992572
2023-07-13 00:00:00,50.257850646972656,0.012215072367786739
2023-07-14 00:00:00,50.78346633911133,0.010458379842599452
2023-07-18 00:00:00,50.90477752685547,0.0023887929771093663
2023-07-19 00:00:00,51.14736557006836,0.0047655260468413285
2023-07-20 00:00:00,51.59212493896485,0.008695645688480358
2023-07-21 00:00:00,51.99645614624024,0.007837072184053717
2023-07-24 00:00:00,51.511260986328125,-0.009331312090722133
2023-07-25 00:00:00,52.15818405151367,0.012558866795306267
2023-07-26 00:00:00,52.27947998046875,0.0023255397242221143
2023-07-27 00:00:00,52.52207565307617,0.00464036124112277
2023-07-28 00:00:00,52.40078353881836,-0.002309354928373031
2023-07-31 00:00:00,52.72423553466797,0.0061726557124857084
2023-08-01 00:00:00,53.6137580871582,0.016871227121071142
2023-08-02 00:00:00,51.91558074951172,-0.03167428283773377
2023-08-03 00:00:00,50.86433410644531,-0.0202491550299434
2023-08-04 00:00:00,51.63254928588867,0.015103219042162053
2023-08-07 00:00:00,51.71342086791992,0.0015662907051803288
2023-08-08 00:00:00,51.75385284423828,0.0007818468714655413
2023-08-09 00:00:00,51.63254928588867,-0.002343855610415946
2023-08-10 00:00:00,51.25039291381836,-0.007401462398347158
2023-08-11 00:00:00,51.25039291381836,0
2023-08-14 00:00:00,51.04571533203125,-0.0039936782949409055
2023-08-15 00:00:00,50.10421371459961,-0.01844428295906053
2023-08-16 00:00:00,49.080848693847656,-0.020424729676054354
2023-08-17 00:00:00,48.54869079589844,-0.010842475468765156
2023-08-18 00:00:00,48.016544342041016,-0.010961087624269727
2023-08-21 00:00:00,47.89373779296875,-0.002557588238700892
2023-08-22 00:00:00,47.93467330932617,0.00085471542301363
2023-08-23 00:00:00,47.81187057495117,-0.0025618769441181355
2023-08-24 00:00:00,48.18027877807617,0.007705371044780085
2023-08-25 00:00:00,47.81187057495117,-0.007646452292688677
2023-08-28 00:00:00,48.098411560058594,0.005993092963351598
2023-08-29 00:00:00,47.89373779296875,-0.004255312399127242
2023-08-30 00:00:00,48.58963394165039,0.014530002892858551
2023-08-31 00:00:00,48.18027877807617,-0.008424742694414955
2023-09-04 00:00:00,48.098411560058594,-0.0016991852287668863
2023-09-05 00:00:00,47.19784927368164,-0.018723326970007226
2023-09-06 00:00:00,47.27971649169922,0.001734553995095478
2023-09-07 00:00:00,46.91129302978516,-0.007792421132193916
2023-09-11 00:00:00,47.19784927368164,0.006108470378647146
2023-09-12 00:00:00,47.44345474243164,0.005203742808826517
2023-09-13 00:00:00,48.3030891418457,0.018119135802419528
2023-09-14 00:00:00,48.91710662841797,0.012711764350498589
2023-09-15 00:00:00,49.81767272949219,0.01841004432079485
2023-09-18 00:00:00,49.735801696777344,-0.0016434134360189256
2023-09-19 00:00:00,49.69486999511719,-0.0008229826455740108
2023-09-20 00:00:00,50.0223503112793,0.006589821367764648
2023-09-21 00:00:00,49.77674102783203,-0.004909990872457803
2023-09-22 00:00:00,50.26795959472656,0.009868435674000198
2023-09-25 00:00:00,49.981407165527344,-0.005700498518529051
2023-09-26 00:00:00,49.44926452636719,-0.010646811871418915
2023-09-27 00:00:00,49.81767272949219,0.007450226138925764
2023-09-28 00:00:00,49.61299896240234,-0.004108457016874678
2023-09-29 00:00:00,50.51356506347656,0.018151817465352105
2023-10-03 00:00:00,49.85860824584961,-0.012965959080574074
2023-10-04 00:00:00,49.81767272949219,-0.0008210320704414853
2023-10-05 00:00:00,49.89954376220703,0.0016434134360190367
2023-10-06 00:00:00,50.80010986328125,0.01804758186499278
2023-10-09 00:00:00,50.75917053222656,-0.0008058906007264444
2023-10-10 00:00:00,50.92291641235352,0.003225936878204161
2023-10-11 00:00:00,51.41412734985352,0.009646166639835974
2023-10-12 00:00:00,51.74160385131836,0.00636938752721572
2023-10-13 00:00:00,51.16851425170898,-0.011075992179449656
2023-10-16 00:00:00,50.595436096191406,-0.011199820121774007
2023-10-17 00:00:00,50.63637161254883,0.0008090752746867658
2023-10-18 00:00:00,50.96385192871094,0.0064672942735286565
2023-10-19 00:00:00,49.735801696777344,-0.0240964955641777
2023-10-20 00:00:00,48.958045959472656,-0.015637744055004954
2023-10-24 00:00:00,47.97560501098633,-0.02006699673634016
2023-10-25 00:00:00,47.85280227661133,-0.002559691208623205
2023-10-26 00:00:00,46.74755859375,-0.023096738963634955
2023-10-27 00:00:00,47.52532196044922,0.016637518409425622
2023-10-30 00:00:00,46.82943344116211,-0.014642478800379943
2023-10-31 00:00:00,45.96979904174805,-0.018356711500559397
2023-11-01 00:00:00,46.58382797241211,0.013357224601012962
2023-11-02 00:00:00,46.66569900512695,0.0017574990351443276
2023-11-03 00:00:00,47.64813232421875,0.0210525790899192
2023-11-06 00:00:00,47.93467330932617,0.006013687654275124
2023-11-07 00:00:00,48.016544342041016,0.0017079710168570461
2023-11-08 00:00:00,47.72999954223633,-0.00596762644482518
2023-11-09 00:00:00,47.7136344909668,-0.00034286719938159127
2023-11-10 00:00:00,47.547664642333984,-0.0034784574766408838
2023-11-13 00:00:00,47.92108917236328,0.007853688143009574
2023-11-14 00:00:00,48.41896057128906,0.010389400732004006
2023-11-15 00:00:00,49.70515823364258,0.026563925519627718
2023-11-16 00:00:00,49.290260314941406,-0.008347180321827241
2023-11-17 00:00:00,48.99982452392578,-0.00589235660675913
2023-11-20 00:00:00,49.9541015625,0.019475111346740848
2023-11-21 00:00:00,49.74665069580078,-0.004152829501691047
2023-11-22 00:00:00,49.5806884765625,-0.003336148603312661
2023-11-23 00:00:00,49.70515823364258,0.0025104483399602806
2023-11-24 00:00:00,49.33174514770508,-0.007512562060103423
2023-11-27 00:00:00,49.663665771484375,0.006728337357324143
2023-11-28 00:00:00,49.49771499633789,-0.00334149267011552
2023-11-29 00:00:00,49.37324142456055,-0.0025147336960211764
2023-11-30 00:00:00,49.124298095703125,-0.005042069786683756
2023-12-01 00:00:00,49.124298095703125,0
2023-12-04 00:00:00,49.53919982910156,0.00844595748910515
2023-12-05 00:00:00,49.124298095703125,-0.008375220730850508
2023-12-06 00:00:00,49.41472244262695,0.005912030465209384
2023-12-07 00:00:00,49.663665771484375,0.005037837238617726
2023-12-08 00:00:00,49.78814315795898,0.0025064075424345855
2023-12-11 00:00:00,50.03707885742188,0.004999899246556083
2023-12-12 00:00:00,50.3275146484375,0.0058044114014568216
2023-12-13 00:00:00,50.24453353881836,-0.0016488219257160264
2023-12-14 00:00:00,50.61794662475586,0.0074319146708567985
2023-12-15 00:00:00,50.90837478637695,0.005737651978933833
2023-12-18 00:00:00,50.07856750488281,-0.016300015173853044
2023-12-19 00:00:00,50.03707885742188,-0.0008284711310259096
2023-12-20 00:00:00,50.78389739990234,0.014925302586277667
2023-12-21 00:00:00,50.82539749145508,0.0008171899692128726
2023-12-22 00:00:00,51.28178405761719,0.008979498217182469
2023-12-27 00:00:00,51.90413284301758,0.012135864553798559
2023-12-28 00:00:00,52.40201568603516,0.009592354514878831
2023-12-29 00:00:00,52.27754974365234,-0.002375212875942778
2024-01-02 00:00:00,52.23605728149414,-0.0007936956181316956
2024-01-03 00:00:00,52.028602600097656,-0.003971484300174799
2024-01-04 00:00:00,51.61370468139648,-0.007974419799243293
2024-01-05 00:00:00,51.7381706237793,0.0024114901875602612
2024-01-08 00:00:00,51.987117767333984,0.004811672708046499
2024-01-09 00:00:00,52.65095901489258,0.012769341253531019
2024-01-10 00:00:00,52.19456481933594,-0.008668297863815733
2024-01-11 00:00:00,52.27754974365234,0.0015899150534857132
2024-01-12 00:00:00,51.0328369140625,-0.02380970102258806
2024-01-15 00:00:00,50.57645797729492,-0.008942848651273372
2024-01-16 00:00:00,49.041316986083984,-0.030352876666454254
2024-01-17 00:00:00,48.08704376220703,-0.01945855622408632
2024-01-18 00:00:00,48.58492660522461,0.010353783557160101
2024-01-19 00:00:00,48.667911529541016,0.001708038482608032
2024-01-22 00:00:00,48.543434143066406,-0.002557689092515303
2024-01-23 00:00:00,49.124298095703125,0.011965860324689936
2024-01-24 00:00:00,49.74665069580078,0.012668936233657613
2024-01-25 00:00:00,50.120059967041016,0.007506219333711872
2024-01-26 00:00:00,50.3690071105957,0.004967016075367647
2024-01-29 00:00:00,50.90837478637695,0.010708324557539006
2024-01-30 00:00:00,50.90837478637695,0
2024-01-31 00:00:00,50.82539749145508,-0.0016299340780385752
2024-02-01 00:00:00,50.53496170043945,-0.0057143830712677035
2024-02-02 00:00:00,50.90837478637695,0.007389202907702064
2024-02-05 00:00:00,50.659427642822266,-0.004890101964545646
2024-02-06 00:00:00,51.19880294799805,0.010647086441218478
2024-02-07 00:00:00,51.57221984863281,0.007293469361266958
2024-02-08 00:00:00,51.15731430053711,-0.008045136496227512
2024-02-09 00:00:00,50.90837478637695,-0.00486615682554592
2024-02-14 00:00:00,50.45198440551758,-0.008964937159642083
2024-02-15 00:00:00,50.90837478637695,0.009046034288583193
2024-02-16 00:00:00,51.40625762939453,0.009779979131268712
2024-02-19 00:00:00,51.779666900634766,0.007263887481019804
2024-02-20 00:00:00,51.987117767333984,0.004006415628306614
2024-02-21 00:00:00,49.99559020996094,-0.03830809713833416
2024-02-22 00:00:00,49.45621490478516,-0.010788457600172774
2024-02-23 00:00:00,49.16578674316406,-0.005872430030891884
2024-02-26 00:00:00,49.53919982910156,0.007594978351270321
2024-02-27 00:00:00,49.49771499633789,-0.0008374142680298569
2024-02-28 00:00:00,49.5806884765625,0.0016763093050002897
2024-02-29 00:00:00,49.99559020996094,0.008368212425984511
2024-03-01 00:00:00,50.78389739990234,0.01576753442915324
2024-03-04 00:00:00,50.3275146484375,-0.008986761056777648
2024-03-05 00:00:00,49.829627990722656,-0.009892931554296491
2024-03-06 00:00:00,50.20303726196289,0.007493719826882073
2024-03-07 00:00:00,50.57160949707031,0.007341632204127091
2024-03-08 00:00:00,50.83095550537109,0.00512829255149172
2024-03-11 00:00:00,50.44193649291992,-0.007653191024710515
2024-03-12 00:00:00,50.7877311706543,0.006855301397536762
2024-03-13 00:00:00,51.26319122314453,0.009361710821312652
2024-03-14 00:00:00,51.04706954956055,-0.004215923129779919
2024-03-15 00:00:00,50.61483383178711,-0.008467395319407878
2024-03-18 00:00:00,51.52253341674805,0.017933469622316123
2024-03-19 00:00:00,51.43608856201172,-0.0016778067576200817
2024-03-20 00:00:00,51.52253341674805,0.0016806265241593454
2024-03-21 00:00:00,52.64634704589844,0.021812080164231196
2024-03-22 00:00:00,52.689571380615234,0.0008210319830759261
2024-03-25 00:00:00,52.90568542480469,0.004101647413836451
2024-03-26 00:00:00,53.38114929199219,0.0089870089267301
2024-03-27 00:00:00,52.81924057006836,-0.010526351144112933
2024-03-28 00:00:00,52.86246490478516,0.0008183444943601348
2024-04-02 00:00:00,53.51081466674805,0.012264841662807058
2024-04-03 00:00:00,53.07857894897461,-0.008077539474315443
2024-04-05 00:00:00,54.24562454223633,0.021987129579780662
2024-04-08 00:00:00,54.63462829589844,0.007171154483791131
2024-04-09 00:00:00,55.2397689819336,0.011076138063166763
2024-04-10 00:00:00,56.01778793334961,0.01408439907977277
2024-04-11 00:00:00,56.061012268066406,0.0007716180219081714
2024-04-12 00:00:00,55.153316497802734,-0.016191212636749275
2024-04-15 00:00:00,55.196533203125,0.0007835740090804677
2024-04-16 00:00:00,53.94305419921875,-0.022709379215781644
2024-04-17 00:00:00,53.72694396972656,-0.004006266102287492
2024-04-18 00:00:00,54.159175872802734,0.008044974665220472
2024-04-19 00:00:00,53.46759033203125,-0.012769498974573246
2024-04-22 00:00:00,54.80753326416016,0.025060843845924774
2024-04-23 00:00:00,55.542327880859375,0.013406817875887045
2024-04-24 00:00:00,55.931339263916016,0.00700387250406731
2024-04-25 00:00:00,55.97455978393555,0.00077274244794312
2024-04-26 00:00:00,56.14745330810547,0.003088787564159423
2024-04-29 00:00:00,56.666141510009766,0.009237964882539362
2024-04-30 00:00:00,57.91961669921875,0.022120355397544866
2024-05-02 00:00:00,59.86467742919922,0.033582071857991114
2024-05-03 00:00:00,59.95114517211914,0.0014443866839870534
2024-05-06 00:00:00,59.82145690917969,-0.0021632324548116477
2024-05-07 00:00:00,60.25369644165039,0.007225493239439551
2024-05-08 00:00:00,60.81560516357422,0.009325713692403648
2024-05-09 00:00:00,60.60980987548828,-0.003383922391833716
2024-05-10 00:00:00,60.87840270996094,0.004431507622683961
2024-05-13 00:00:00,60.96792221069336,0.0014704640192173546
2024-05-14 00:00:00,61.72890090942383,0.012481624289256033
2024-05-16 00:00:00,62.75846099853516,0.01667873676581455
2024-05-17 00:00:00,61.37078857421875,-0.02211132016683459
2024-05-20 00:00:00,61.63936614990234,0.004376309673107537
2024-05-21 00:00:00,61.4155502319336,-0.0036310548266254017
2024-05-22 00:00:00,62.221290588378906,0.013119484453081531
2024-05-23 00:00:00,61.773658752441406,-0.0071941907939322425
2024-05-24 00:00:00,61.32602310180664,-0.0072463839713408085
2024-05-27 00:00:00,61.68413925170898,0.005839546277244034
2024-05-28 00:00:00,61.68413925170898,0
2024-05-29 00:00:00,61.32602310180664,-0.005805643950724582
2024-05-30 00:00:00,61.01268005371094,-0.005109463034567274
2024-05-31 00:00:00,61.46032333374024,0.0073368893094882814
2024-06-03 00:00:00,61.90795516967773,0.007283265229614422
2024-06-04 00:00:00,61.32602310180664,-0.009399956213642091
2024-06-05 00:00:00,60.96792221069336,-0.005839297462984061
2024-06-06 00:00:00,61.32602310180664,0.00587359513213781
2024-06-07 00:00:00,61.54984664916992,0.003649731974168846
2024-06-11 00:00:00,61.32602310180664,-0.0036364598703073625
2024-06-12 00:00:00,61.01268005371094,-0.005109463034567274
2024-06-13 00:00:00,60.78886413574219,-0.0036683508702080037
2024-06-14 00:00:00,60.11741256713867,-0.011045634396197213
2024-06-17 00:00:00,60.52028274536133,0.006701389181923423
2024-06-18 00:00:00,60.8336181640625,0.005177362108824468
2024-06-19 00:00:00,61.37078857421875,0.008830157179005038
2024-06-20 00:00:00,61.32602310180664,-0.0007294263843126148
2024-06-21 00:00:00,61.01268005371094,-0.005109463034567274
2024-06-24 00:00:00,60.74409484863281,-0.004402121081088062
2024-06-25 00:00:00,61.23651123046875,0.008106407430433782
2024-06-26 00:00:00,61.14697647094727,-0.0014621139859601895
2024-06-27 00:00:00,61.14697647094727,0
2024-06-28 00:00:00,61.14697647094727,0
2024-07-02 00:00:00,61.10221481323242,-0.0007320338682014205
2024-07-03 00:00:00,61.01268005371094,-0.0014653275629231688
2024-07-04 00:00:00,61.63936614990234,0.010271407445791692
2024-07-05 00:00:00,60.699337005615234,-0.015250467404240076
2024-07-08 00:00:00,60.0726432800293,-0.01032455635434637
2024-07-09 00:00:00,59.75930404663086,-0.005216005427592152
2024-07-10 00:00:00,59.53548431396485,-0.003745353735902901
2024-07-11 00:00:00,60.20694351196289,0.011278302439887034
2024-07-12 00:00:00,60.78886413574219,0.0096653407370475
2024-07-15 00:00:00,60.43075942993164,-0.005890958992273543
2024-07-16 00:00:00,60.0726432800293,-0.005926057413155217
2024-07-17 00:00:00,60.16217041015625,0.001490314479914323
2024-07-18 00:00:00,60.699337005615234,0.008928643893610255
2024-07-19 00:00:00,59.40119934082031,-0.021386356570498144
2024-07-22 00:00:00,60.0726432800293,0.011303541791412464
2024-07-23 00:00:00,59.80406951904297,-0.004470816436932368
2024-07-24 00:00:00,59.66978073120117,-0.0022454790940110714
2024-07-25 00:00:00,59.087852478027344,-0.009752478491504513
2024-07-26 00:00:00,59.311668395996094,0.0037878499316248426
2024-07-29 00:00:00,60.251708984375,0.01584916785855195
2024-07-30 00:00:00,59.84883499145508,-0.006686515614426791
2024-07-31 00:00:00,62.62417221069336,0.04637245185532057
2024-08-01 00:00:00,61.10221481323242,-0.024303034175692573
2024-08-02 00:00:00,58.86403274536133,-0.03663012993411796
2024-08-05 00:00:00,55.55154037475586,-0.05627362272195835
2024-08-06 00:00:00,56.22298049926758,0.012086795793278204
2024-08-07 00:00:00,56.44680404663086,0.003980997545411036
2024-08-08 00:00:00,56.26775360107422,-0.0031720209599240823
2024-08-09 00:00:00,57.25254440307617,0.0175018681034238
2024-08-12 00:00:00,57.61065673828125,0.006254959302487206
2024-08-13 00:00:00,57.7001838684082,0.0015540029431302393
2024-08-14 00:00:00,58.05829620361328,0.006206433172237347
2024-08-15 00:00:00,58.53771209716797,0.008257491605908607
2024-08-16 00:00:00,59.80634307861328,0.021672028782735664
2024-08-19 00:00:00,60.03287124633789,0.003787694683603071
2024-08-20 00:00:00,60.44064331054688,0.006792479782213645
2024-08-21 00:00:00,59.98756408691406,-0.00749626739253717
2024-08-22 00:00:00,60.53126525878906,0.009063564759643317
2024-08-23 00:00:00,60.57656478881836,0.0007483658211278055
2024-08-26 00:00:00,61.02964782714844,0.007479510267867084
2024-08-27 00:00:00,61.61863708496094,0.009650870991106952
2024-08-28 00:00:00,61.709266662597656,0.0014708143822097508
2024-08-29 00:00:00,61.84518814086914,0.0022026104930827906
2024-08-30 00:00:00,62.16232681274414,0.00512794416847151
2024-09-02 00:00:00,61.93579864501953,-0.0036441391328062567
2024-09-03 00:00:00,61.57333755493164,-0.005852206607769972
2024-09-04 00:00:00,60.75779724121094,-0.013245023675923617
2024-09-05 00:00:00,61.16556930541992,0.006711435942782895
2024-09-09 00:00:00,60.75779724121094,-0.006666692860698209
2024-09-10 00:00:00,61.16556930541992,0.006711435942782895
2024-09-11 00:00:00,60.30471420288086,-0.014074177880050942
2024-09-12 00:00:00,60.66717529296875,0.0060104934560916146
2024-09-13 00:00:00,60.98434066772461,0.0052279568518598385
2024-09-16 00:00:00,60.93902587890625,-0.0007430561406781555
2024-09-17 00:00:00,61.75457000732422,0.013382953151213073
2024-09-19 00:00:00,62.117034912109375,0.0058694426135939
2024-09-20 00:00:00,62.4794921875,0.005835070458586333
2024-09-23 00:00:00,62.4794921875,0
2024-09-24 00:00:00,63.52156829833984,0.01667869046874748
2024-09-25 00:00:00,63.34034729003906,-0.0028529051337278233
2024-09-26 00:00:00,63.43096160888672,0.0014305939693182168
2024-09-27 00:00:00,63.97465515136719,0.008571422042012555
2024-09-30 00:00:00,63.83873748779297,-0.0021245548452372143
2024-10-02 00:00:00,63.29502868652344,-0.008516910306590852
2024-10-03 00:00:00,62.88726043701172,-0.006442342439423543
2024-10-04 00:00:00,63.43096160888672,0.00864564886587127
2024-10-07 00:00:00,63.74810028076172,0.0049997456105184135
2024-10-08 00:00:00,62.02642059326172,-0.02700754500788749
2024-10-09 00:00:00,61.43741607666016,-0.00949602622508161
2024-10-10 00:00:00,61.75457000732422,0.005162227693110033
2024-10-14 00:00:00,61.79987335205078,0.000733603111821246
2024-10-15 00:00:00,61.25618362426758,-0.008797586439797445
2024-10-16 00:00:00,61.34679412841797,0.0014792058334254232
2024-10-17 00:00:00,61.57333755493164,0.0036928323595759593
2024-10-18 00:00:00,62.2529525756836,0.011037488753076863
2024-10-21 00:00:00,62.071720123291016,-0.0029112266148701993
2024-10-22 00:00:00,61.84518814086914,-0.0036495199741833906
2024-10-23 00:00:00,62.343563079833984,0.008058427081338415
2024-10-24 00:00:00,62.29825592041016,-0.0007267335581350176
2024-10-25 00:00:00,62.38887786865234,0.0014546466334137698
2024-10-28 00:00:00,62.57011413574219,0.002904945132550907
2024-10-29 00:00:00,64.88080596923828,0.036929640698484034
2024-10-30 00:00:00,65.10735321044922,0.0034917451752733975
2024-10-31 00:00:00,65.33389282226562,0.0034794781333553626
2024-11-01 00:00:00,64.88080596923828,-0.006934943464335097
2024-11-04 00:00:00,65.19795227050781,0.004888137508956003
2024-11-05 00:00:00,65.60574340820312,0.006254661741573964
2024-11-06 00:00:00,65.5604248046875,-0.0006907718922358752
2024-11-07 00:00:00,66.27244567871094,0.010860528682427484
2024-11-08 00:00:00,65.40225219726562,-0.013130547281505422
2024-11-11 00:00:00,64.48625183105469,-0.014005639491559196
2024-11-12 00:00:00,63.61604690551758,-0.013494425568676749
2024-11-13 00:00:00,63.61604690551758,0
2024-11-14 00:00:00,63.341251373291016,-0.004319594592771314
2024-11-15 00:00:00,63.84505462646485,0.007953793811315002
2024-11-18 00:00:00,64.6236572265625,0.012195190444318271
2024-11-19 00:00:00,65.6312484741211,0.01559167789012772
2024-11-20 00:00:00,65.53964233398438,-0.0013957701897571173
2024-11-21 00:00:00,65.3106460571289,-0.0034940116958301903
2024-11-22 00:00:00,65.26484680175781,-0.0007012525236855804
2024-11-25 00:00:00,65.12744140625,-0.002105350770609804
2024-11-26 00:00:00,65.53964233398438,0.0063291435811696495
2024-11-27 00:00:00,65.95184326171875,0.0062893374613464115
2024-11-28 00:00:00,66.04344940185547,0.001388985289966671
2024-11-29 00:00:00,66.40984344482422,0.005547772660076333
2024-12-02 00:00:00,66.45565032958984,0.0006897604690738746
2024-12-03 00:00:00,67.32584381103516,0.013094349045258635
2024-12-04 00:00:00,67.41743469238281,0.001360411933413408
2024-12-05 00:00:00,67.55484008789062,0.002038128506888004
2024-12-06 00:00:00,68.28763580322266,0.010847419879591813
2024-12-09 00:00:00,68.05863952636719,-0.0033534075995154122
2024-12-10 00:00:00,67.96703338623047,-0.0013459884119668697
2024-12-11 00:00:00,68.15023803710938,0.0026954928257325594
2024-12-12 00:00:00,68.60823822021484,0.0067204487657999135
2024-12-13 00:00:00,68.33344268798828,-0.00400528477855
2024-12-16 00:00:00,68.69983673095703,0.005361855462803433
2024-12-17 00:00:00,68.8830337524414,0.0026666296486528296
2024-12-18 00:00:00,68.69983673095703,-0.00265953764671234
2024-12-19 00:00:00,68.10443878173828,-0.008666657412163215
2024-12-20 00:00:00,67.87544250488281,-0.003362428072997692
2024-12-23 00:00:00,68.65403747558594,0.01147093767598073
2024-12-24 00:00:00,68.79144287109375,0.0020014175503759724
2024-12-27 00:00:00,68.9288330078125,0.001997198066861383
2024-12-30 00:00:00,69.3410415649414,0.005980205077346756
2024-12-31 00:00:00,69.43263244628906,0.0013208754769262754
2025-01-02 00:00:00,69.3410415649414,-0.0013191330664080736
2025-01-03 00:00:00,68.69983673095703,-0.009247118582489944
2025-01-06 00:00:00,69.2036361694336,0.0073333425878368
2025-01-07 00:00:00,68.97463989257812,-0.003309020877093949
2025-01-08 00:00:00,69.57003784179688,0.00863212841917016
2025-01-09 00:00:00,69.24943542480469,-0.004608340414033463
2025-01-10 00:00:00,70.07383728027344,0.011904816991092027
2025-01-13 00:00:00,68.97463989257812,-0.015686273655870497
2025-01-14 00:00:00,69.57003784179688,0.00863212841917016
2025-01-15 00:00:00,69.61582946777344,0.0006582090134936713
2025-01-16 00:00:00,70.85242462158203,0.017763131794343412
2025-01-17 00:00:00,71.08142852783203,0.0032321251879958712
2025-01-20 00:00:00,71.76842498779297,0.009664921966107354
2025-01-21 00:00:00,72.22642517089844,0.006381639045072607
2025-01-22 00:00:00,72.59282684326172,0.005072958705852004
2025-01-23 00:00:00,72.0432357788086,-0.007570872885826141
2025-01-24 00:00:00,73.18822479248047,0.01589308144330559
2025-01-27 00:00:00,72.7760238647461,-0.0056320662087806506
2025-01-28 00:00:00,73.23401641845703,0.006293179118470604
2025-02-03 00:00:00,73.18822479248047,-0.0006252780909203892
2025-02-04 00:00:00,73.32563018798828,0.0018774248985737874
2025-02-05 00:00:00,73.46302032470703,0.0018736986830731883
2025-02-06 00:00:00,73.87522888183594,0.005611102773979804
2025-02-07 00:00:00,74.92861938476562,0.014259048924431639
2025-02-10 00:00:00,75.66141510009766,0.009779917491460122
2025-02-11 00:00:00,76.7606201171875,0.014527946848940543
2025-02-12 00:00:00,77.35601806640625,0.007756554706173313
2025-02-13 00:00:00,77.722412109375,0.004736464623272374
2025-02-14 00:00:00,77.40180969238281,-0.004124967410185643
2025-02-17 00:00:00,78.31781005859375,0.011834353354932992
2025-02-18 00:00:00,79.87500762939453,0.019883058140105714
2025-02-19 00:00:00,80.97421264648438,0.013761563844725488
2025-02-20 00:00:00,79.8292236328125,-0.014140168533291475
2025-02-21 00:00:00,79.41700744628906,-0.005163725359769167
2025-02-24 00:00:00,78.59261322021484,-0.010380575302233241
2025-02-25 00:00:00,79.78340911865234,0.015151498972313382
2025-02-26 00:00:00,81.29480743408203,0.018943767032842285
2025-02-27 00:00:00,81.89021301269531,0.007324029632471474
2025-02-28 00:00:00,81.7528076171875,-0.0016779220672745732
2025-03-03 00:00:00,83.58480072021484,0.022408931955043787
2025-03-04 00:00:00,84.3176040649414,0.008767184205888068
2025-03-05 00:00:00,84.18020629882812,-0.0016295264510535201
2025-03-06 00:00:00,85.02191925048828,0.009998941421837326
2025-03-07 00:00:00,83.08531951904297,-0.02277765249852548
2025-03-10 00:00:00,83.1797866821289,0.0011369898272375334
2025-03-11 00:00:00,80.48741149902344,-0.03236814243578634
2025-03-12 00:00:00,80.3457260131836,-0.001760343427637312
2025-03-13 00:00:00,80.91252899169922,0.0070545504613725996
2025-03-14 00:00:00,80.72358703613281,-0.002335138425666905
2025-03-17 00:00:00,82.80191040039062,0.025746172098714215
2025-03-18 00:00:00,84.12446594238281,0.015972524493661266
2025-03-19 00:00:00,84.78575897216797,0.007860888296611357
2025-03-20 00:00:00,84.8329849243164,0.0005570033543480513
2025-03-21 00:00:00,83.6993637084961,-0.01336297687546506
2025-03-24 00:00:00,84.26617431640625,0.006771982280345812
2025-03-25 00:00:00,83.32148742675781,-0.011210748527651027
2025-03-26 00:00:00,84.54956817626953,0.014739064165065985
2025-03-27 00:00:00,84.45511627197266,-0.0011171187072175348
2025-03-28 00:00:00,84.5023422241211,0.0005591840285479321
2025-03-31 00:00:00,83.27424621582031,-0.01453327772907842
2025-04-01 00:00:00,83.841064453125,0.006806645068100359
2025-04-02 00:00:00,83.13256072998047,-0.008450557346402099
2025-04-03 00:00:00,81.33763885498047,-0.021591081271152168
2025-04-07 00:00:00,69.34009552001953,-0.14750297038191318
2025-04-08 00:00:00,68.67882537841797,-0.00953661999803046
2025-04-09 00:00:00,67.73412322998047,-0.013755362635167745
2025-04-10 00:00:00,71.51289367675781,0.05578828316633144
2025-04-11 00:00:00,71.3239517211914,-0.0026420683858834337
2025-04-14 00:00:00,74.15801239013672,0.039735048333044976
2025-04-15 00:00:00,74.44142150878906,0.003821692484978767
2025-04-16 00:00:00,75.14994049072266,0.009517805646013011
2025-04-17 00:00:00,76.33080291748047,0.015713417988715284
2025-04-22 00:00:00,77.79505920410156,0.01918303267691379
2025-04-23 00:00:00,81.14871978759766,0.04310891485662993
2025-04-24 00:00:00,80.6763687133789,-0.005820807468745026
2025-04-25 00:00:00,80.62911987304688,-0.0005856589864610129
2025-04-28 00:00:00,81.00699615478516,0.004686598121538044
2025-04-29 00:00:00,83.46318817138672,0.030320739358219884
2025-04-30 00:00:00,82.2823257446289,-0.014148302414867975
2025-05-02 00:00:00,81.43211364746094,-0.010332864190138236
2025-05-06 00:00:00,82.32957458496094,0.011020970687133591
2025-05-07 00:00:00,82.99085235595703,0.008032080504845496
2025-05-08 00:00:00,82.30834197998047,-0.008223922957788177
2025-05-09 00:00:00,83.40451049804688,0.0133178301457344
2025-05-12 00:00:00,85.7874984741211,0.02857145209346945
2025-05-13 00:00:00,85.45386505126953,-0.003889068090174086
2025-05-14 00:00:00,86.55005645751953,0.012827873912927501
2025-05-15 00:00:00,86.35940551757812,-0.002202782386802715
2025-05-16 00:00:00,86.83600616455078,0.005518804166335434
2025-05-19 00:00:00,87.21729278564453,0.0043908815931863465
2025-05-20 00:00:00,88.45645141601562,0.014207717194531622
2025-05-21 00:00:00,88.2181396484375,-0.0026941140387526374
2025-05-22 00:00:00,88.26579284667969,0.0005401745993747209
2025-05-23 00:00:00,88.7900619506836,0.005939663453933708
2025-05-26 00:00:00,88.4087905883789,-0.004294076993847096
2025-05-27 00:00:00,88.07516479492188,-0.0037736721793917294
2025-05-28 00:00:00,87.64622497558594,-0.004870156307225759
2025-05-29 00:00:00,87.93218231201172,0.0032626315224122404
2025-05-30 00:00:00,88.1228256225586,0.002168072092995521
2025-06-02 00:00:00,88.17047882080078,0.0005407588545367492
2025-06-03 00:00:00,87.83686828613281,-0.0037836987972584835
2025-06-04 00:00:00,88.7900619506836,0.010851863040536758
2025-06-05 00:00:00,88.69473266601562,-0.001073648137794092
2025-06-06 00:00:00,88.8853759765625,0.0021494321569777153
2025-06-09 00:00:00,89.40963745117188,0.005898174686774338
2025-06-10 00:00:00,89.4572982788086,0.0005330614125658162
2025-06-11 00:00:00,88.93303680419922,-0.00586046621903813
2025-06-12 00:00:00,88.2181396484375,-0.008038600518451733
2025-06-13 00:00:00,87.93218231201172,-0.003241480012674991
2025-06-16 00:00:00,88.4087905883789,0.005420180232489136
2025-06-17 00:00:00,87.78919982910156,-0.007008248333155942
2025-06-18 00:00:00,87.50324249267578,-0.003257317950071892
2025-06-19 00:00:00,86.93132019042969,-0.006536012677404113
2025-06-20 00:00:00,87.93218231201172,0.011513251143426384
2025-06-23 00:00:00,87.50324249267578,-0.004878075444709418
2025-06-24 00:00:00,89.69559478759766,0.025054526352042084
2025-06-25 00:00:00,91.12538146972656,0.015940433702621437
2025-06-26 00:00:00,90.93474578857422,-0.0020920151781825824
2025-06-27 00:00:00,90.553466796875,-0.004192885660951884
2025-06-30 00:00:00,90.50579833984376,-0.000526412281245503
2025-07-02 00:00:00,90.7917709350586,0.0031597157360130357
2025-07-03 00:00:00,90.41047668457033,-0.004199656494871085
2025-07-04 00:00:00,90.36283111572266,-0.0005269916783416928
2025-07-07 00:00:00,90.7917709350586,0.004746861226455179
2025-07-08 00:00:00,91.74495697021484,0.010498595030578706
2025-07-09 00:00:00,92.17389678955078,0.004675350378933629
2025-07-10 00:00:00,92.50751495361328,0.003619442984212906
2025-07-11 00:00:00,92.50751495361328,0
2025-07-14 00:00:00,92.07858276367188,-0.004636728055623207
2025-07-15 00:00:00,93.07942199707033,0.010869403105032482
2025-07-16 00:00:00,92.6504898071289,-0.004608238649729923
2025-07-17 00:00:00,93.07942199707033,0.004629572826159167
2025-07-18 00:00:00,93.5560302734375,0.0051204473141461815
2025-07-21 00:00:00,93.84197998046876,0.0030564540435877863
2025-07-22 00:00:00,95.0334701538086,0.012696771461853329
2025-07-23 00:00:00,95.31944274902344,0.0030091776586922414
2025-07-24 00:00:00,97.41646575927734,0.021999950375028776
2025-07-25 00:00:00,96.27262878417967,-0.011741721137001337
2025-07-28 00:00:00,96.36795043945312,0.0009901220780741404
2025-07-29 00:00:00,96.08199310302734,-0.002967348948709314
2025-07-30 00:00:00,92.41218566894533,-0.03819453901364156
2025-07-31 00:00:00,91.64964294433594,-0.008251538680635662
2025-08-01 00:00:00,90.7917709350586,-0.009360342077910477
2025-08-04 00:00:00,91.88793182373048,0.012073350672451966
2025-08-05 00:00:00,91.79261779785156,-0.0010372855715347074
2025-08-06 00:00:00,92.45985412597656,0.007268954128690552
2025-08-07 00:00:00,94.22325897216795,0.01907211365257777
2025-08-08 00:00:00,93.60368347167967,-0.006575611024781991
2025-08-11 00:00:00,95.27178192138672,0.017820863323308567
2025-08-12 00:00:00,95.51007843017578,0.0025012286322689814
2025-08-13 00:00:00,96.74922943115234,0.012974033958965459
2025-08-14 00:00:00,96.43962860107422,-0.003200034066405011
2025-08-15 00:00:00,96.34357452392578,-0.0009960021470609703
2025-08-18 00:00:00,94.56653594970705,-0.01844480634022383
2025-08-19 00:00:00,95.14289093017578,0.006094703318468397
2025-08-20 00:00:00,95.57512664794922,0.004543016441350911
2025-08-21 00:00:00,96.91990661621094,0.014070396926757045
2025-08-22 00:00:00,97.30413055419922,0.003964344905012629
2025-08-25 00:00:00,97.49623107910156,0.001974227854544486
2025-08-26 00:00:00,96.2475128173828,-0.012807861882431548
2025-08-27 00:00:00,96.15145874023438,-0.0009979902268297813
2025-08-28 00:00:00,96.6317367553711,0.0049950153791660235
2025-08-29 00:00:00,95.81526184082033,-0.008449345338972014
2025-09-01 00:00:00,96.05540466308594,0.0025063107656539962
2025-09-02 00:00:00,95.81526184082033,-0.0025000448762660943
2025-09-03 00:00:00,95.23893737792967,-0.006014954734957723
2025-09-04 00:00:00,95.67118072509766,0.0045385150135888175
2025-09-05 00:00:00,98.07256317138672,0.02510037430382739
2025-09-08 00:00:00,97.68834686279295,-0.003917673773064623
2025-09-09 00:00:00,98.36073303222656,0.0068829721356427065
2025-09-10 00:00:00,100.2818374633789,0.01953121303521521
2025-09-11 00:00:00,100.95423126220705,0.00670504067173372
2025-09-12 00:00:00,102.10689544677734,0.011417690671889691
2025-09-15 00:00:00,102.29901123046876,0.0018815162565741783
2025-09-16 00:00:00,102.97138214111328,0.006572604197803367
2025-09-17 00:00:00,102.39505004882812,-0.0055970122989642546
2025-09-18 00:00:00,102.97138214111328,0.0056285151675821155
2025-09-19 00:00:00,102.58717346191406,-0.003731218045346707
2025-09-22 00:00:00,102.97138214111328,0.0037451921739695138
2025-09-23 00:00:00,104.316162109375,0.013059744759168268
2025-09-24 00:00:00,103.25955963134766,-0.010128847310539535
2025-09-25 00:00:00,102.87532806396484,-0.003721026593126897
2025-09-26 00:00:00,102.49110412597656,-0.003734850184384131
2025-09-29 00:00:00,104.50828552246094,0.019681526642594926
2025-09-30 00:00:00,105.0846176147461,0.005514702393249804
2025-10-02 00:00:00,106.42938995361328,0.01279704270131421
2025-10-03 00:00:00,105.56488800048828,-0.008122774672501554
2025-10-06 00:00:00,106.52544403076172,0.009099200013066744
2025-10-08 00:00:00,106.23727416992188,-0.002705173993516774
2025-10-09 00:00:00,99.89761352539062,-0.059674541671609904
2025-10-10 00:00:00,99.41734313964844,-0.004807626216417282
2025-10-13 00:00:00,98.55284118652344,-0.008695685539601095
2025-10-14 00:00:00,97.88044738769533,-0.006822672900475002
2025-10-15 00:00:00,99.41734313964844,0.015701764683048625
2025-10-16 00:00:00,98.84101104736328,-0.005797098112706567
2025-10-17 00:00:00,96.91990661621094,-0.019436308985465334
2025-10-20 00:00:00,98.07256317138672,0.011892877277937641
2025-10-21 00:00:00,98.36073303222656,0.0029383331231616072
2025-10-22 00:00:00,98.456787109375,0.0009765490169433289
2025-10-23 00:00:00,98.64889526367188,0.00195119259867238
2025-10-24 00:00:00,99.03311157226562,0.003894785720274019
2025-10-27 00:00:00,97.97650909423828,-0.010669183884587263
2025-10-28 00:00:00,102.29901123046876,0.04411773981529499
2025-10-30 00:00:00,103.73983001708984,0.01408438624470243
2025-10-31 00:00:00,103.83588409423828,0.0009259131919978625
2025-11-03 00:00:00,104.02801513671876,0.0018503337661777142
2025-11-04 00:00:00,103.73983001708984,-0.002770264522015231
2025-11-05 00:00:00,103.93193817138672,0.001851826383995725
2025-11-06 00:00:00,107.1031723022461,0.030512604562708434
2025-11-07 00:00:00,106.42591857910156,-0.006323376876581355
2025-11-10 00:00:00,106.90966796875,0.0045454095779204895
2025-11-11 00:00:00,108.74793243408205,0.01719455780060386
2025-11-12 00:00:00,109.81219482421876,0.009786506890894886
2025-11-13 00:00:00,110.5862045288086,0.007048485879266986
2025-11-14 00:00:00,109.23169708251952,-0.01224843055298297
2025-11-17 00:00:00,108.45768737792967,-0.007085944146826839
2025-11-18 00:00:00,106.03890991210938,-0.02230157699556945
2025-11-19 00:00:00,104.29740142822266,-0.016423296743904414
2025-11-20 00:00:00,104.10388946533205,-0.0018553862343712035
2025-11-21 00:00:00,101.68511962890624,-0.02323419277462535
2025-11-24 00:00:00,103.81365203857422,0.020932584998040404
2025-11-25 00:00:00,103.32988739013672,-0.004659932859868432
2025-11-26 00:00:00,104.10388946533205,0.007490592458239798
2025-11-27 00:00:00,105.45840454101562,0.013011186062694247
2025-11-28 00:00:00,105.74866485595705,0.0027523677814462744
2025-12-01 00:00:00,106.90966796875,0.010978891453375716
2025-12-02 00:00:00,107.39342498779295,0.004524913679316178
2025-12-03 00:00:00,107.5869140625,0.0018016845512567325
2025-12-04 00:00:00,107.87718200683594,0.002697985594858787
2025-12-05 00:00:00,107.39342498779295,-0.0044843312556340775
2025-12-08 00:00:00,105.5551528930664,-0.01711717542238267
2025-12-09 00:00:00,105.9421615600586,0.0036664118840721294
2025-12-10 00:00:00,108.0706787109375,0.020091313217847073
2025-12-11 00:00:00,110.2959442138672,0.02059083490057234
2025-12-12 00:00:00,113.48873138427734,0.02894745761656692
2025-12-15 00:00:00,112.4244613647461,-0.009377759417607656
2025-12-16 00:00:00,112.4244613647461,0
2025-12-17 00:00:00,113.6822280883789,0.01118766066000676
2025-12-18 00:00:00,114.8432388305664,0.010212772582930851
2025-12-19 00:00:00,115.42374420166016,0.005054763145004859
2025-12-22 00:00:00,117.35875701904295,0.016764425991952603
2025-12-23 00:00:00,118.32627868652344,0.008244136969885352
2025-12-24 00:00:00,119.87428283691406,0.013082505150793011
2025-12-29 00:00:00,117.93927001953124,-0.01614201788398073
2025-12-30 00:00:00,119.00353240966795,0.009023817003110723
2025-12-31 00:00:00,118.22952270507812,-0.0065040901636878035
2026-01-02 00:00:00,120.26128387451172,0.01718488853669653
2026-01-05 00:00:00,120.84178924560548,0.004827034540056063
2026-01-06 00:00:00,124.61507415771484,0.031225000355136423
2026-01-07 00:00:00,123.06705474853516,-0.01242240892318125
2026-01-08 00:00:00,120.26128387451172,-0.022798716356351556
2026-01-09 00:00:00,120.74504089355467,0.004022549930098318
2026-01-12 00:00:00,120.06777954101562,-0.005609020027051104
2026-01-13 00:00:00,122.29305267333984,0.01853347451606746
2026-01-14 00:00:00,122.8735580444336,0.004746838503118855
2026-01-15 00:00:00,124.03456115722656,0.009448762868681015
2026-01-16 00:00:00,124.32481384277344,0.002340095235060735
2026-01-19 00:00:00,122.8735580444336,-0.011673098502887447
2026-01-20 00:00:00,124.22806549072266,0.011023587725841333
2026-01-21 00:00:00,124.03456115722656,-0.0015576539224990693
2026-01-22 00:00:00,125.48582458496094,0.011700476175303676
2026-01-23 00:00:00,125.7760772705078,0.002313031663192744
2026-01-26 00:00:00,126.74359130859376,0.0076923534195227905
2026-01-27 00:00:00,130.12986755371094,0.026717534276524457
2026-01-28 00:00:00,133.0323944091797,0.022304847534488914
2026-01-29 00:00:00,133.129150390625,0.000727311433241784
2026-01-30 00:00:00,132.16163635253906,-0.007267484508442168
2026-02-02 00:00:00,130.3233642578125,-0.013909271596963313
2026-02-03 00:00:00,134.38690185546875,0.031180422795236806
2026-02-04 00:00:00,134.48365783691406,0.0007199807429847382
2026-02-05 00:00:00,133.99989318847656,-0.003597200256288069
2026-02-06 00:00:00,130.4201202392578,-0.026714744795980128
2026-02-09 00:00:00,134.77391052246094,0.0333828114497674
2026-02-10 00:00:00,135.74142456054688,0.00717879324221804
2026-02-11 00:00:00,135.25765991210938,-0.0035638689516015454
2026-02-12 00:00:00,134.9674072265625,-0.0021459241993058153
2026-02-13 00:00:00,131.2908935546875,-0.027240011106558715
2026-02-16 00:00:00,130.03311157226562,-0.009580115942298462
2026-02-20 00:00:00,129.93638610839844,-0.0007438525672242013
2026-02-23 00:00:00,131.48439025878906,0.011913553984018055
2026-02-24 00:00:00,130.90386962890625,-0.004415129649536498
2026-02-25 00:00:00,138.0634307861328,0.054693273602399284
2026-02-26 00:00:00,140.28871154785156,0.01611781446432281
2026-02-27 00:00:00,142.5139923095703,0.01586215125341517
2026-03-02 00:00:00,135.16090393066406,-0.05159555395047666
2026-03-03 00:00:00,131.38763427734375,-0.027916871991740755
2026-03-04 00:00:00,126.55008697509766,-0.03681889341301792
2026-03-05 00:00:00,129.54934692382812,0.023700180856617292
2026-03-06 00:00:00,130.80711364746094,0.009708784748813537
2026-03-09 00:00:00,125.6793212890625,-0.03920117350970975
2026-03-10 00:00:00,131.48439025878906,0.046189531501168
2026-03-11 00:00:00,128.67861938476562,-0.021339193713421745
2026-03-12 00:00:00,128.1051025390625,-0.0044569707729629204
2026-03-13 00:00:00,121.74457550048828,-0.04965084850257806
2026-03-16 00:00:00,123.53348541259766,0.014693959913657073
2026-03-17 00:00:00,124.0303955078125,0.004022472883001615
2026-03-18 00:00:00,127.1112823486328,0.024839772768653567
2026-03-19 00:00:00,123.2353286743164,-0.03049260146464161
2026-03-20 00:00:00,123.73223876953124,0.004032204892543856
2026-03-23 00:00:00,118.16677856445312,-0.044979871538933125
2026-03-24 00:00:00,122.8377914428711,0.039528985516603665
2026-03-25 00:00:00,124.22916412353516,0.01132691058932922
2026-03-26 00:00:00,124.0303955078125,-0.0016000157219523414
2026-03-27 00:00:00,124.0303955078125,0
2026-03-30 00:00:00,122.8377914428711,-0.009615417737390719
2026-03-31 00:00:00,125.02423095703124,0.017799404307728972
2026-04-01 00:00:00,129.49647521972656,0.03577101997317911
2026-04-02 00:00:00,129.19833374023438,-0.0023023134721336103
2026-04-08 00:00:00,137.74530029296875,0.06615384506365896
2026-04-09 00:00:00,138.04342651367188,0.0021643295275342034
2026-04-10 00:00:00,138.8385009765625,0.0057595966933774445
2026-04-13 00:00:00,137.94406127929688,-0.006442303042558883
2026-04-14 00:00:00,140.1304931640625,0.015850134210118272
2026-04-15 00:00:00,140.52801513671875,0.00283679849888796
2026-04-16 00:00:00,141.4224853515625,0.006365066879892467
2026-04-17 00:00:00,140.62741088867188,-0.005621980556445139
2026-04-20 00:00:00,141.32308959960938,0.0049469637998826865
2026-04-21 00:00:00,142.81382751464844,0.010548438470051602
2026-04-22 00:00:00,143.1119842529297,0.002087730183204295
2026-04-23 00:00:00,140.22987365722656,-0.020138848683765143
2026-04-24 00:00:00,139.13665771484375,-0.0077958848130679215
2026-04-27 00:00:00,139.33543395996094,0.0014286403625174415
2026-04-28 00:00:00,139.73297119140625,0.0028530950107030773
2026-04-29 00:00:00,140.1304931640625,0.0028448688184818938
2026-04-30 00:00:00,139.33543395996094,-0.005673705887630942
2026-05-04 00:00:00,142.51568603515625,0.022824431552057156
2026-05-05 00:00:00,135.16131591796875,-0.05160393442847622
2026-05-06 00:00:00,139.63357543945312,0.03308831000283141
2026-05-07 00:00:00,142.21755981445312,0.01850546594447433
2026-05-08 00:00:00,137.84466552734375,-0.030747920951636032
2026-05-11 00:00:00,140.32925415039062,0.018024554040896312
2026-05-12 00:00:00,137.74530029296875,-0.018413508096128406
2026-05-13 00:00:00,140.22987365722656,0.018037445625900927
2026-05-14 00:00:00,140.41294860839844,0.0013055345940007346
2026-05-15 00:00:00,139.31362915039062,-0.007829188610473103
2026-05-18 00:00:00,138.01443481445312,-0.009325680077826415
2026-05-19 00:00:00,140.21307373046875,0.015930499726144465
2026-05-20 00:00:00,138.6140594482422,-0.011404173945293694
2026-05-21 00:00:00,141.61219787597656,0.021629396322916827
2026-05-22 00:00:00,143.8108367919922,0.015525773549120325
2026-05-26 00:00:00,145.40985107421875,0.011118871970263067
2026-05-27 00:00:00,146.50917053222656,0.007560144308563332
2026-05-28 00:00:00,145.20997619628906,-0.008867665629515797
2026-05-29 00:00:00,145.01010131835938,-0.0013764541746050796
2026-06-01 00:00:00,146.2093505859375,0.008270108472962612
2026-06-02 00:00:00,147.10879516601562,0.006151758259465456
2026-06-03 00:00:00,146.80897521972656,-0.0020380830796058458
2026-06-04 00:00:00,146.3092803955078,-0.0034037075966973918
2026-06-05 00:00:00,141.71214294433594,-0.03142068253459218
2026-06-08 00:00:00,142.2118377685547,0.0035261256645806593
2026-06-09 00:00:00,142.011962890625,-0.0014054728570133124
2026-06-10 00:00:00,135.21617126464844,-0.047853656041713544
2026-06-11 00:00:00,138.4141845703125,0.02365111565986311
2026-06-12 00:00:00,142.71153259277344,0.031047020475549303
2026-06-15 00:00:00,145.7096710205078,0.021008382246791024
2026-06-16 00:00:00,145.9095458984375,0.001371733780811013
2026-06-17 00:00:00,147.90829467773438,0.013698547048375698
2026-06-18 00:00:00,148.90768432617188,0.006756819491530175
2026-06-22 00:00:00,147.808349609375,-0.007382659409227443
2026-06-23 00:00:00,148.6078643798828,0.005409131301585823
2026-06-24 00:00:00,148.10816955566406,-0.0033625059232490484
2026-06-25 00:00:00,148.20811462402344,0.0006748113129695366
2026-06-26 00:00:00,147.60848999023438,-0.004045828633001625
2026-06-29 00:00:00,147.50856018066406,-0.0006769922893793412
2026-06-30 00:00:00,147.808349609375,0.0020323527552825738
2026-07-02 00:00:00,149.40736389160156,0.01081815936956465
2026-07-03 00:00:00,151.90582275390625,0.016722461311327264
2026-07-06 00:00:00,151.90582275390625,0
2026-07-07 00:00:00,153.20501708984375,0.008552630257249838
2026-07-08 00:00:00,151.80587768554688,-0.00913246465992934
2026-07-09 00:00:00,152.2056427001953,0.0026333961552957863
2026-07-10 00:00:00,153.40489196777344,0.00787913802867557
2026-07-13 00:00:00,153.7047119140625,0.001954435366716023
2026-07-14 00:00:00,152.50546264648438,-0.007802293453753273
2026-07-15 00:00:00,155.2037811279297,0.017693257897916537
2026-07-16 00:00:00,156.8027801513672,0.010302577758202203
2026-07-17 00:00:00,156.8027801513672,0
2026-07-20 00:00:00,157.7022247314453,0.005736151994306882
2026-07-21 00:00:00,156.4030303955078,-0.00823827525673737
2026-07-22 00:00:00,158.80154418945312,0.015335468806966235
2026-07-23 00:00:00,161.39993286132812,0.016362489956489812
2026-07-24 00:00:00,161.29998779296875,-0.0006192385993446514
2026-07-27 00:00:00,162.69912719726562,0.008674144514460247
2026-07-28 00:00:00,161.89962768554688,-0.004913975418868621
2026-07-29 00:00:00,164.5979461669922,0.01666661325921126
2026-07-30 00:00:00,164.3980712890625,-0.0012143218222595564
2026-07-31 00:00:00,168.0957794189453,0.022492405786081804
2026-08-03 00:00:00,168.0957794189453,0
2026-08-04 00:00:00,166.39683532714844,-0.010107000292747359
2026-08-05 00:00:00,161.99957275390625,-0.026426359399184807
2026-08-06 00:00:00,160.0008087158203,-0.012338082157304586
2026-08-07 00:00:00,161.10011291503906,0.006870616517765438
2026-08-10 00:00:00,162.39932250976562,0.008064610081383039
2026-08-11 00:00:00,161.5998077392578,-0.004923141046107138
2026-08-12 00:00:00,161.29998779296875,-0.0018553236571470233
2026-08-13 00:00:00,163,0.01053944411460983
2026-08-14 00:00:00,160.8000030517578,-0.013496913792896859
2026-08-17 00:00:00,163.5,0.016791025478855914
2026-08-18 00:00:00,162.10000610351562,-0.00856265380112764
2026-08-19 00:00:00,161.1999969482422,-0.005552184585969067
2026-08-20 00:00:00,160.3000030517578,-0.005583088793564617
2026-08-21 00:00:00,162.89999389648438,0.016219530849834518
2026-08-24 00:00:00,161.5,-0.008594192442843207
2026-08-25 00:00:00,163.1999969482422,0.010526296893140552
2026-08-26 00:00:00,161.6999969482422,-0.00919117664245861
2026-08-27 00:00:00,161.8000030517578,0.0006184669474522675
